"","Male","Bachelor","relfreq","religionlink","regionlink","moreno","province","ownchtrust","religion"
"1",0,1,99,3,3,2,"Alberta",99,"Non-religious"
"2",0,0,2,1,1,1,"British Columbia",99,"Other Christian"
"3",1,0,2,3,3,3,"Alberta",3,"Catholic"
"4",1,1,4,2,3,4,"Ontario",99,"Buddhist"
"5",0,0,99,4,4,4,"British Columbia",99,"Non-religious"
"6",1,1,3,3,2,4,"British Columbia",10,"Catholic"
"7",0,0,99,2,3,3,"British Columbia",99,"Non-religious"
"8",1,1,99,4,3,1,"Ontario",99,"Non-religious"
"9",0,1,99,3,3,3,"British Columbia",99,"Non-religious"
"10",1,0,1,2,2,2,"Alberta",99,"Buddhist"
"11",0,1,99,2,4,1,"Alberta",99,"Non-religious"
"12",0,1,99,1,3,3,"British Columbia",99,"Non-religious"
"13",1,0,1,3,2,3,"New Brunswick",5,"Catholic"
"14",1,0,99,4,3,3,"Ontario",99,"Non-religious"
"15",1,0,99,3,3,2,"British Columbia",99,"Non-religious"
"16",1,0,99,2,2,3,"British Columbia",99,"Non-religious"
"17",0,1,99,4,4,3,"Alberta",99,"Non-religious"
"19",1,0,1,1,3,3,"British Columbia",99,"Anglican"
"20",1,1,1,2,2,2,"British Columbia",5,"Catholic"
"21",1,1,99,3,3,3,"British Columbia",99,"Non-religious"
"22",1,0,2,2,2,3,"Alberta",6,"Catholic"
"23",0,1,99,2,2,1,"British Columbia",99,"Non-religious"
"24",1,1,2,1,1,2,"Quebec",7,"Catholic"
"25",1,0,99,3,3,3,"British Columbia",99,"Non-religious"
"26",1,0,1,2,2,5,"British Columbia",99,"Sikh"
"27",0,0,2,3,3,2,"British Columbia",99,"Buddhist"
"28",1,0,2,2,2,2,"Alberta",99,"Other Christian"
"29",1,1,99,3,3,3,"Alberta",99,"Non-religious"
"30",1,1,1,2,3,1,"British Columbia",99,"Buddhist"
"32",0,0,99,3,3,3,"Alberta",99,"Non-religious"
"33",0,0,99,2,2,3,"Alberta",99,"Non-religious"
"34",0,0,2,3,3,3,"Alberta",4,"Catholic"
"36",1,1,4,4,2,2,"Alberta",7,"Catholic"
"37",0,1,99,4,4,3,"Alberta",99,"Non-religious"
"38",0,0,99,2,1,1,"Alberta",99,"Non-religious"
"40",0,0,2,2,4,3,"Alberta",99,"Buddhist"
"41",0,1,99,3,4,3,"British Columbia",99,"Non-religious"
"42",1,0,2,2,3,1,"British Columbia",99,"Buddhist"
"43",0,1,2,3,2,4,"Ontario",99,"Other Christian"
"44",1,1,99,1,2,1,"Quebec",99,"Non-religious"
"45",0,1,3,3,4,3,"Ontario",99,"Muslim"
"46",0,1,99,3,3,1,"Quebec",99,"Non-religious"
"47",0,1,99,3,3,2,"Quebec",99,"Non-religious"
"48",1,1,4,3,2,3,"Ontario",99,"Other Christian"
"49",0,0,99,4,4,1,"Ontario",99,"Non-religious"
"50",0,0,2,3,3,3,"British Columbia",99,"Muslim"
"51",0,1,4,3,3,2,"Ontario",99,"Other Christian"
"52",0,0,2,3,3,2,"Alberta",7,"Catholic"
"53",0,0,4,2,2,3,"British Columbia",99,"Buddhist"
"54",0,1,4,2,3,3,"British Columbia",8,"Catholic"
"55",0,1,99,3,3,3,"British Columbia",99,"Non-religious"
"56",0,1,99,3,2,2,"Alberta",99,"Non-religious"
"57",0,0,99,1,1,2,"Alberta",99,"Non-religious"
"58",0,1,99,3,3,3,"Ontario",99,"Non-religious"
"59",0,1,2,2,3,5,"Ontario",99,"Buddhist"
"60",1,0,1,3,4,3,"British Columbia",99,"Buddhist"
"61",0,0,99,3,3,4,"British Columbia",99,"Non-religious"
"62",0,1,1,2,3,3,"Ontario",99,"Buddhist"
"63",1,1,2,3,4,3,"British Columbia",99,"Other Christian"
"64",1,1,2,3,4,3,"British Columbia",99,"Other Christian"
"65",1,1,99,3,3,3,"British Columbia",99,"Non-religious"
"66",0,1,99,3,3,2,"British Columbia",99,"Non-religious"
"67",0,0,3,4,4,3,"Ontario",7,"Catholic"
"68",1,0,99,1,4,2,"British Columbia",99,"Non-religious"
"69",0,0,2,3,2,1,"Ontario",99,"Buddhist"
"70",1,0,99,2,2,2,"Ontario",99,"Non-religious"
"71",0,0,99,2,2,1,"British Columbia",99,"Non-religious"
"72",0,0,4,2,2,3,"British Columbia",9,"Catholic"
"73",1,0,99,2,3,3,"British Columbia",99,"Non-religious"
"74",1,1,2,2,3,1,"British Columbia",99,"Buddhist"
"76",0,1,99,1,3,3,"Alberta",99,"Non-religious"
"77",1,0,99,3,3,1,"British Columbia",99,"Non-religious"
"78",1,0,4,2,2,2,"British Columbia",5,"United Church"
"79",1,1,99,3,3,3,"British Columbia",99,"Non-religious"
"81",0,1,99,4,4,3,"Ontario",99,"Non-religious"
"83",0,1,99,1,2,3,"Nova Scotia",99,"Non-religious"
"84",1,1,99,2,3,2,"Manitoba",99,"Non-religious"
"85",0,1,99,2,3,3,"British Columbia",99,"Non-religious"
"86",1,1,4,3,3,3,"Alberta",99,"Other Christian"
"87",0,1,4,2,2,2,"British Columbia",99,"Other Christian"
"88",1,1,1,2,3,4,"Alberta",4,"Catholic"
"89",0,0,2,1,1,1,"Ontario",9,"Catholic"
"90",0,1,99,2,3,3,"Ontario",99,"Non-religious"
"91",0,1,99,1,1,2,"Alberta",99,"Non-religious"
"92",1,1,99,2,4,3,"Ontario",99,"Non-religious"
"93",1,1,2,1,4,4,"Ontario",99,"Buddhist"
"94",0,0,99,2,3,5,"Ontario",99,"Non-religious"
"96",0,1,4,2,3,3,"New Brunswick",8,"Catholic"
"97",0,0,4,4,3,1,"New Brunswick",99,"Other Christian"
"99",1,0,99,3,3,3,"British Columbia",99,"Non-religious"
"100",1,1,1,3,3,3,"British Columbia",99,"Buddhist"
"101",0,0,4,4,4,3,"Alberta",99,"Other Christian"
"102",1,0,99,2,3,1,"British Columbia",99,"Non-religious"
"103",0,0,99,2,3,3,"Alberta",99,"Non-religious"
"104",1,1,99,1,2,4,"Alberta",99,"Non-religious"
"105",0,1,99,1,1,3,"Ontario",99,"Non-religious"
"106",0,0,1,3,3,2,"Ontario",9,"Catholic"
"107",0,0,1,2,3,1,"Ontario",99,"Muslim"
"108",1,0,4,3,3,1,"Manitoba",99,"Other Christian"
"109",1,0,99,2,2,3,"Ontario",99,"Non-religious"
"110",1,0,99,1,2,2,"British Columbia",99,"Non-religious"
"111",1,0,2,3,2,1,"Quebec",5,"Catholic"
"112",1,1,99,3,4,5,"British Columbia",99,"Non-religious"
"113",1,1,99,2,4,2,"Nova Scotia",99,"Non-religious"
"114",1,0,2,3,3,3,"British Columbia",99,"Anglican"
"115",1,1,99,1,2,3,"Alberta",99,"Non-religious"
"116",1,1,4,4,3,1,"Alberta",99,"Buddhist"
"117",0,1,99,3,2,3,"Ontario",99,"Non-religious"
"119",0,1,2,1,2,5,"British Columbia",2,"Catholic"
"120",0,0,3,2,3,3,"Ontario",99,"Other Christian"
"121",0,1,4,4,4,3,"Ontario",99,"Other Christian"
"122",1,1,99,4,4,1,"Alberta",99,"Non-religious"
"123",1,1,1,2,3,4,"Alberta",4,"Catholic"
"124",0,1,4,4,4,2,"Manitoba",10,"Catholic"
"125",1,0,1,1,3,4,"Ontario",99,"Other Christian"
"126",1,0,99,2,2,1,"British Columbia",99,"Non-religious"
"127",1,1,99,2,3,2,"Ontario",99,"Non-religious"
"128",1,0,1,2,2,3,"Alberta",99,"Buddhist"
"129",1,1,99,2,1,2,"Ontario",99,"Non-religious"
"131",0,0,99,3,3,4,"British Columbia",99,"Non-religious"
"132",1,0,2,2,1,4,"British Columbia",8,"Catholic"
"133",0,1,99,3,3,3,"Ontario",99,"Non-religious"
"134",0,0,1,1,3,3,"Alberta",5,"United Church"
"135",0,0,99,2,3,3,"Alberta",99,"Non-religious"
"136",0,0,99,2,2,4,"Manitoba",99,"Non-religious"
"137",1,0,99,1,4,3,"British Columbia",99,"Non-religious"
"138",0,0,1,2,2,3,"Nova Scotia",99,"Other"
"139",1,0,1,3,4,3,"Nova Scotia",6,"Catholic"
"140",1,0,99,4,4,2,"British Columbia",99,"Non-religious"
"141",1,0,1,2,4,1,"British Columbia",99,"Other Christian"
"142",0,1,99,4,4,2,"British Columbia",99,"Non-religious"
"143",1,0,3,1,1,5,"British Columbia",2,"Catholic"
"144",0,0,99,2,4,3,"British Columbia",99,"Non-religious"
"145",1,0,1,4,4,5,"Alberta",99,"Other Christian"
"146",0,0,99,2,4,3,"British Columbia",99,"Non-religious"
"147",1,0,2,3,4,3,"Saskatchewan",99,"Other Christian"
"149",1,0,4,4,4,2,"Saskatchewan",99,"Other Christian"
"151",1,0,1,2,3,4,"Alberta",99,"Other Christian"
"152",1,0,1,4,4,3,"Alberta",99,"Other Christian"
"153",1,0,99,3,3,3,"Manitoba",99,"Non-religious"
"154",1,0,2,1,1,4,"Manitoba",99,"Anglican"
"155",0,0,1,3,4,4,"Alberta",99,"Other Christian"
"156",0,0,1,3,2,3,"New Brunswick",99,"Other"
"157",0,0,99,4,4,2,"Alberta",99,"Non-religious"
"158",0,0,1,4,4,3,"British Columbia",99,"Other"
"159",0,1,99,3,4,2,"Nova Scotia",99,"Non-religious"
"160",0,0,2,3,4,3,"British Columbia",99,"Buddhist"
"162",0,0,1,3,4,5,"Newfoundland and Labrador",8,"Catholic"
"163",0,1,99,3,4,1,"Nova Scotia",99,"Non-religious"
"164",0,0,1,2,4,5,"Newfoundland and Labrador",8,"Catholic"
"165",0,0,99,2,4,3,"British Columbia",99,"Non-religious"
"166",1,0,2,2,3,3,"Manitoba",99,"Other Christian"
"167",1,0,99,2,4,1,"Manitoba",99,"Non-religious"
"168",0,0,99,3,4,4,"Alberta",99,"Non-religious"
"169",0,0,99,2,3,3,"British Columbia",99,"Non-religious"
"170",0,1,1,4,4,4,"Newfoundland and Labrador",99,"Hindu"
"171",1,0,1,1,2,2,"Alberta",7,"Catholic"
"172",0,0,2,2,3,2,"Ontario",7,"Catholic"
"173",1,0,99,1,4,3,"Manitoba",99,"Non-religious"
"174",0,0,99,4,4,3,"Manitoba",99,"Non-religious"
"176",1,0,3,1,2,3,"Manitoba",7,"Catholic"
"177",1,0,99,3,3,2,"British Columbia",99,"Non-religious"
"178",0,0,1,4,4,3,"British Columbia",99,"Other"
"179",1,0,2,4,4,3,"Manitoba",99,"Other"
"180",0,0,99,1,3,3,"Newfoundland and Labrador",99,"Non-religious"
"181",1,0,1,2,2,2,"Ontario",6,"United Church"
"182",0,1,2,4,4,3,"British Columbia",99,"Other Christian"
"184",1,1,4,3,3,1,"Ontario",99,"Other Christian"
"185",0,1,4,4,3,2,"Alberta",99,"Other Christian"
"186",0,0,2,1,2,3,"Ontario",99,"Other Christian"
"187",0,0,99,2,2,3,"British Columbia",99,"Non-religious"
"188",1,0,4,2,2,1,"Ontario",99,"Other Christian"
"189",0,1,2,4,3,2,"Alberta",99,"Other Christian"
"190",0,1,4,3,3,1,"Alberta",8,"Catholic"
"191",0,0,4,3,2,1,"Alberta",99,"Other Christian"
"192",0,0,99,4,4,3,"Alberta",99,"Non-religious"
"193",1,1,1,3,3,2,"Alberta",99,"Muslim"
"194",1,1,4,3,3,3,"British Columbia",99,"Other"
"195",1,0,1,3,3,4,"British Columbia",8,"Catholic"
"196",1,1,4,2,2,2,"Ontario",99,"Other Christian"
"197",0,0,1,4,3,2,"British Columbia",99,"Other"
"198",0,1,4,3,3,3,"Ontario",99,"Other"
"199",1,0,3,2,2,2,"Quebec",3,"Catholic"
"200",0,1,2,3,3,4,"Newfoundland and Labrador",99,"Muslim"
"201",0,1,2,2,2,3,"Ontario",4,"Catholic"
"202",0,1,4,4,4,3,"Newfoundland and Labrador",99,"Anglican"
"203",0,0,99,2,2,1,"Quebec",99,"Non-religious"
"204",1,0,1,1,1,5,"Newfoundland and Labrador",8,"Catholic"
"205",1,0,1,2,2,3,"Ontario",99,"Other Christian"
"206",1,0,1,3,3,2,"Quebec",99,"Other Christian"
"207",0,0,99,4,4,3,"British Columbia",99,"Non-religious"
"208",0,0,99,3,3,2,"British Columbia",99,"Non-religious"
"210",1,1,2,2,3,3,"Manitoba",99,"Other Christian"
"212",1,1,2,1,2,1,"Alberta",99,"Other Christian"
"213",0,0,2,4,3,2,"Ontario",99,"Other Christian"
"214",0,0,2,1,1,1,"Ontario",7,"Catholic"
"218",1,0,3,2,4,2,"British Columbia",7,"United Church"
"219",1,0,99,1,1,5,"Newfoundland and Labrador",99,"Non-religious"
"221",0,0,1,3,4,3,"Ontario",7,"United Church"
"222",0,0,2,2,4,2,"Ontario",99,"Other Christian"
"223",1,0,4,4,4,4,"British Columbia",99,"Other Christian"
"224",1,0,2,3,4,1,"Ontario",99,"Anglican"
"225",0,1,99,3,4,1,"British Columbia",99,"Non-religious"
"226",1,0,99,2,4,3,"British Columbia",99,"Non-religious"
"227",0,0,1,3,3,3,"Ontario",5,"Catholic"
"228",1,0,2,2,3,3,"Ontario",8,"Catholic"
"229",0,0,99,3,4,3,"Alberta",99,"Non-religious"
"230",1,1,99,3,3,2,"Ontario",99,"Non-religious"
"232",1,1,2,2,3,3,"British Columbia",99,"Buddhist"
"233",1,0,99,3,3,2,"New Brunswick",99,"Non-religious"
"234",1,0,99,2,2,4,"Alberta",99,"Non-religious"
"235",1,0,99,1,4,4,"British Columbia",99,"Non-religious"
"236",1,0,99,1,4,3,"British Columbia",99,"Non-religious"
"237",0,0,99,3,4,2,"British Columbia",99,"Non-religious"
"238",1,0,2,2,3,1,"Ontario",8,"Catholic"
"239",0,0,1,2,2,2,"Ontario",5,"Catholic"
"240",0,0,3,3,2,2,"Ontario",99,"Muslim"
"241",0,1,1,4,3,1,"Nova Scotia",99,"Other"
"242",0,1,3,3,2,1,"Ontario",99,"Muslim"
"244",0,0,2,3,3,3,"Alberta",5,"Catholic"
"245",0,0,2,3,3,2,"British Columbia",99,"Buddhist"
"246",1,0,4,4,4,3,"British Columbia",99,"Other Christian"
"248",1,1,3,3,3,3,"Manitoba",99,"Muslim"
"249",0,0,1,3,3,2,"Alberta",99,"Hindu"
"250",0,1,2,3,3,2,"Ontario",99,"Buddhist"
"251",1,0,99,1,2,3,"Ontario",99,"Non-religious"
"252",0,0,4,2,3,2,"Ontario",99,"Muslim"
"253",0,0,2,2,3,3,"Ontario",6,"Catholic"
"254",0,0,1,1,4,3,"Ontario",10,"Catholic"
"255",0,0,4,4,4,3,"British Columbia",9,"United Church"
"256",1,0,2,2,3,2,"Quebec",7,"Catholic"
"257",0,1,1,2,2,3,"Alberta",5,"Catholic"
"258",0,0,99,2,2,3,"Nova Scotia",99,"Non-religious"
"259",0,1,99,1,3,1,"Quebec",99,"Non-religious"
"260",0,1,99,1,1,2,"British Columbia",99,"Non-religious"
"261",0,0,1,3,3,3,"British Columbia",10,"Catholic"
"262",1,0,2,3,3,3,"Ontario",99,"Muslim"
"263",0,0,2,4,4,3,"British Columbia",99,"Anglican"
"264",1,1,1,2,4,3,"British Columbia",99,"Buddhist"
"265",0,0,2,2,3,3,"Ontario",4,"Catholic"
"266",0,1,1,4,4,1,"British Columbia",99,"Other"
"267",0,0,99,3,2,4,"Alberta",99,"Non-religious"
"268",1,1,4,4,4,3,"Ontario",99,"Muslim"
"269",0,1,4,1,1,1,"Ontario",10,"Catholic"
"270",0,0,4,3,2,3,"Ontario",99,"Other Christian"
"271",0,0,4,4,4,3,"Ontario",7,"Catholic"
"272",0,1,2,2,2,4,"Quebec",99,"Muslim"
"273",0,0,3,2,3,1,"Manitoba",99,"Buddhist"
"274",1,1,99,3,3,3,"British Columbia",99,"Non-religious"
"275",0,0,99,2,3,4,"British Columbia",99,"Non-religious"
"276",0,0,99,2,3,3,"British Columbia",99,"Non-religious"
"277",1,1,2,4,4,3,"Alberta",99,"Other"
"278",1,0,2,2,2,2,"Quebec",99,"Other Christian"
"280",0,0,2,2,2,3,"Ontario",7,"Catholic"
"281",0,0,99,2,3,3,"Manitoba",99,"Non-religious"
"282",0,0,99,3,4,2,"Ontario",99,"Non-religious"
"283",0,1,4,3,3,2,"British Columbia",99,"Anglican"
"284",0,1,99,3,3,1,"Ontario",99,"Non-religious"
"285",0,0,1,2,2,3,"British Columbia",99,"Buddhist"
"286",1,0,1,3,3,2,"British Columbia",99,"Other"
"288",1,0,1,3,3,3,"British Columbia",99,"Buddhist"
"290",0,0,99,3,4,3,"Ontario",99,"Non-religious"
"292",0,0,1,2,3,1,"Ontario",6,"Catholic"
"293",0,0,1,4,4,2,"Ontario",99,"Other"
"294",0,0,3,2,4,2,"Ontario",7,"Catholic"
"295",0,0,99,4,4,3,"Ontario",99,"Non-religious"
"296",0,0,1,3,3,1,"Saskatchewan",99,"Buddhist"
"297",1,1,1,3,4,1,"Ontario",99,"Muslim"
"298",1,0,4,3,3,3,"British Columbia",99,"Sikh"
"299",1,1,1,2,2,2,"Ontario",99,"Other"
"300",0,1,99,2,3,3,"Ontario",99,"Non-religious"
"301",0,0,2,1,1,3,"Ontario",6,"Catholic"
"303",1,0,1,3,3,3,"Alberta",2,"Catholic"
"304",0,1,4,3,3,2,"Alberta",99,"Other Christian"
"305",0,1,3,2,4,3,"Alberta",99,"Hindu"
"306",0,1,2,3,2,2,"Manitoba",99,"Hindu"
"307",0,1,4,2,4,2,"Alberta",8,"Catholic"
"308",1,1,4,3,3,3,"Alberta",99,"Muslim"
"309",1,0,1,1,1,1,"British Columbia",99,"Hindu"
"310",0,0,2,2,3,1,"Alberta",99,"Sikh"
"311",0,0,99,2,3,1,"Alberta",99,"Non-religious"
"312",0,1,4,3,4,3,"Alberta",8,"Catholic"
"313",0,1,99,4,3,3,"British Columbia",99,"Non-religious"
"316",0,0,2,3,3,3,"Alberta",99,"Sikh"
"317",1,1,4,3,3,3,"Ontario",99,"Muslim"
"318",1,0,1,3,2,4,"Newfoundland and Labrador",99,"Muslim"
"319",0,1,3,2,3,4,"Ontario",10,"Catholic"
"320",1,1,99,3,3,3,"Alberta",99,"Non-religious"
"321",0,1,2,3,3,2,"Alberta",99,"Hindu"
"322",0,1,2,3,4,2,"Alberta",99,"Sikh"
"323",1,1,2,3,4,3,"British Columbia",8,"Catholic"
"324",1,0,2,4,3,3,"Alberta",99,"Hindu"
"325",0,0,3,4,4,3,"Alberta",99,"Sikh"
"326",1,1,1,2,3,3,"Ontario",5,"Catholic"
"328",0,0,4,2,2,5,"Nova Scotia",6,"Catholic"
"330",0,1,2,1,1,3,"New Brunswick",99,"Hindu"
"331",1,1,4,4,3,1,"Ontario",9,"Catholic"
"332",0,0,2,3,3,3,"Newfoundland and Labrador",8,"Catholic"
"333",0,1,99,3,3,4,"British Columbia",99,"Non-religious"
"334",1,0,2,3,1,5,"Ontario",99,"Other Christian"
"335",1,0,99,1,2,2,"Alberta",99,"Non-religious"
"336",1,0,2,2,3,3,"Quebec",8,"United Church"
"337",1,1,99,3,4,2,"Ontario",99,"Non-religious"
"338",0,1,1,2,3,3,"Ontario",99,"Hindu"
"339",0,1,4,1,2,2,"Alberta",9,"Catholic"
"340",0,1,4,4,4,3,"Alberta",7,"Catholic"
"341",0,1,1,3,1,5,"Ontario",99,"Muslim"
"342",1,0,2,2,2,1,"Quebec",99,"Buddhist"
"343",0,1,2,3,3,3,"Ontario",99,"Hindu"
"344",0,0,99,1,3,3,"Alberta",99,"Non-religious"
"345",1,0,3,2,2,3,"Alberta",99,"Other Christian"
"346",0,0,2,3,3,3,"Newfoundland and Labrador",7,"Catholic"
"347",0,1,1,3,3,3,"British Columbia",99,"Hindu"
"348",1,0,2,4,3,1,"Saskatchewan",99,"Sikh"
"349",1,1,2,3,3,3,"Alberta",99,"Muslim"
"350",0,1,3,3,2,2,"British Columbia",99,"Sikh"
"351",1,1,2,3,3,3,"Ontario",99,"Hindu"
"352",1,0,2,3,3,3,"Ontario",99,"Sikh"
"353",1,0,99,1,1,1,"Nova Scotia",99,"Non-religious"
"354",0,1,2,3,3,2,"Quebec",99,"Muslim"
"355",0,1,2,3,4,3,"Ontario",99,"Hindu"
"356",0,0,4,4,4,3,"Alberta",99,"Other Christian"
"357",0,0,2,2,2,3,"British Columbia",7,"Catholic"
"358",1,1,2,4,3,3,"Manitoba",99,"Hindu"
"359",0,0,1,3,4,2,"British Columbia",99,"Sikh"
"360",1,0,99,2,2,3,"British Columbia",99,"Non-religious"
"361",0,0,3,4,3,3,"British Columbia",99,"Muslim"
"363",1,1,4,3,3,3,"Manitoba",99,"Muslim"
"364",0,0,99,3,3,3,"Ontario",99,"Non-religious"
"365",0,0,3,2,3,3,"Ontario",99,"Muslim"
"366",0,1,2,3,3,3,"Manitoba",10,"Catholic"
"367",0,0,4,4,3,5,"Ontario",1,"Catholic"
"368",1,0,3,3,4,2,"Ontario",99,"Muslim"
"369",0,0,2,3,3,4,"Ontario",99,"Muslim"
"370",1,0,2,4,3,2,"Nova Scotia",99,"Sikh"
"371",1,1,2,2,3,2,"British Columbia",99,"Hindu"
"372",1,0,4,4,3,3,"Alberta",99,"Muslim"
"373",0,0,4,3,3,3,"British Columbia",8,"Catholic"
"374",0,1,4,4,4,4,"Alberta",99,"Other Christian"
"375",0,1,2,4,3,2,"Manitoba",99,"Hindu"
"376",0,0,2,3,3,3,"Ontario",99,"Hindu"
"377",1,1,2,2,2,3,"Ontario",99,"Sikh"
"378",1,1,2,3,3,3,"Ontario",99,"Hindu"
"379",0,1,4,2,2,3,"Ontario",9,"Catholic"
"380",1,1,4,4,3,3,"Ontario",99,"Muslim"
"382",0,0,4,2,2,3,"Ontario",5,"Catholic"
"383",1,1,99,2,3,3,"Ontario",99,"Non-religious"
"385",1,1,4,3,3,3,"Manitoba",99,"Muslim"
"386",0,0,3,3,3,3,"British Columbia",5,"Catholic"
"388",0,1,1,2,3,3,"Ontario",99,"Muslim"
"389",0,1,2,3,2,5,"Nova Scotia",99,"Sikh"
"390",0,1,2,4,4,2,"Ontario",99,"Muslim"
"391",0,0,1,2,3,5,"Ontario",99,"Hindu"
"392",0,0,2,4,2,3,"Manitoba",7,"United Church"
"393",1,1,4,3,4,3,"Saskatchewan",6,"Catholic"
"394",0,1,1,2,2,1,"Ontario",99,"Hindu"
"395",1,1,3,4,4,3,"Alberta",99,"Sikh"
"396",1,0,3,3,3,3,"British Columbia",99,"Hindu"
"397",1,1,2,3,2,1,"Ontario",99,"Muslim"
"398",1,0,1,4,3,3,"Ontario",99,"Jewish"
"399",0,1,2,2,2,3,"Ontario",99,"Muslim"
"400",0,1,2,3,3,4,"Ontario",99,"Hindu"
"403",1,1,4,2,1,1,"Ontario",99,"Muslim"
"404",0,1,99,1,1,3,"Ontario",99,"Non-religious"
"405",0,1,2,3,3,3,"Ontario",99,"Hindu"
"407",1,1,2,4,4,2,"British Columbia",99,"Sikh"
"409",0,0,4,4,4,3,"Northwest Territories",10,"Catholic"
"410",0,1,1,2,3,3,"British Columbia",99,"Other"
"411",1,1,2,2,3,2,"Manitoba",99,"Hindu"
"412",0,1,1,1,1,3,"Ontario",99,"Muslim"
"413",0,0,4,3,3,3,"Saskatchewan",8,"Catholic"
"414",0,1,3,2,3,3,"Ontario",99,"Buddhist"
"415",0,0,4,4,4,3,"Alberta",99,"Other"
"416",0,0,1,2,4,3,"Alberta",9,"Catholic"
"417",0,1,99,2,3,3,"Alberta",99,"Non-religious"
"418",1,0,3,3,2,4,"Alberta",99,"Other Christian"
"419",0,0,4,4,4,2,"Alberta",99,"Other Christian"
"420",1,0,99,2,3,3,"Alberta",99,"Non-religious"
"421",1,0,1,1,3,3,"Alberta",1,"Catholic"
"422",0,0,99,2,3,3,"Alberta",99,"Non-religious"
"423",1,1,99,3,3,2,"Alberta",99,"Non-religious"
"424",0,1,99,3,4,3,"Alberta",99,"Non-religious"
"425",0,0,2,1,1,3,"Alberta",6,"United Church"
"426",1,0,99,4,4,4,"Alberta",99,"Non-religious"
"427",0,0,99,1,3,3,"Alberta",99,"Non-religious"
"428",1,1,1,1,3,3,"Alberta",99,"Anglican"
"429",0,0,4,4,3,3,"Alberta",99,"Other Christian"
"430",0,0,4,4,4,3,"Alberta",99,"Other Christian"
"431",0,0,2,1,3,3,"Alberta",2,"United Church"
"432",1,1,99,1,1,3,"Alberta",99,"Non-religious"
"433",0,0,99,3,3,3,"Alberta",99,"Non-religious"
"434",1,1,2,3,3,1,"Alberta",8,"Catholic"
"436",0,1,99,2,2,1,"Alberta",99,"Non-religious"
"437",1,0,2,1,4,3,"Alberta",7,"United Church"
"438",0,1,4,4,4,3,"Alberta",99,"Other Christian"
"439",1,0,3,4,3,5,"Alberta",6,"Catholic"
"440",0,0,4,2,2,3,"Alberta",5,"Catholic"
"441",0,0,2,2,4,4,"Alberta",5,"Catholic"
"442",0,0,2,3,3,4,"Alberta",99,"Other Christian"
"443",1,1,2,2,4,3,"Alberta",9,"Catholic"
"444",0,0,1,3,4,3,"Alberta",99,"Other Christian"
"445",0,0,1,2,4,3,"Alberta",99,"Other Christian"
"446",0,0,2,3,3,3,"Alberta",5,"Catholic"
"447",0,1,99,2,3,2,"Alberta",99,"Non-religious"
"448",0,0,4,3,4,3,"Alberta",5,"Catholic"
"450",0,0,1,3,3,2,"Alberta",99,"Other Christian"
"451",0,0,1,2,3,4,"Alberta",99,"Other"
"452",0,0,1,4,3,2,"Alberta",99,"Other"
"453",0,0,1,1,2,3,"Alberta",99,"Anglican"
"454",0,0,2,2,2,5,"Alberta",99,"Other Christian"
"455",1,0,1,2,4,2,"Alberta",6,"United Church"
"456",0,1,1,2,3,2,"Alberta",99,"Other Christian"
"457",0,0,99,1,3,3,"Alberta",99,"Non-religious"
"458",0,0,99,2,3,2,"Alberta",99,"Non-religious"
"459",0,0,99,2,3,4,"Alberta",99,"Non-religious"
"460",0,0,1,3,3,3,"British Columbia",5,"Catholic"
"461",0,1,3,1,1,3,"Alberta",99,"Other Christian"
"462",0,0,99,4,3,3,"Alberta",99,"Non-religious"
"463",1,0,1,2,2,2,"British Columbia",99,"Anglican"
"464",0,1,99,3,3,2,"British Columbia",99,"Non-religious"
"465",0,0,99,2,4,2,"Alberta",99,"Non-religious"
"466",0,0,1,2,2,2,"Alberta",99,"Other Christian"
"467",0,0,99,2,3,1,"Alberta",99,"Non-religious"
"468",0,0,99,3,3,3,"Alberta",99,"Non-religious"
"469",0,0,99,4,3,1,"Alberta",99,"Non-religious"
"470",0,0,1,4,3,5,"Alberta",99,"Other Christian"
"472",0,0,99,3,4,3,"Alberta",99,"Non-religious"
"473",0,0,2,3,3,4,"Alberta",5,"Catholic"
"474",0,1,1,2,3,2,"Alberta",8,"United Church"
"475",0,1,2,3,3,4,"Alberta",99,"Other Christian"
"476",0,0,4,3,3,1,"Alberta",99,"Other Christian"
"477",1,0,1,2,2,3,"Alberta",3,"Catholic"
"479",0,1,99,3,3,2,"Alberta",99,"Non-religious"
"480",0,0,2,3,3,2,"Alberta",99,"Other Christian"
"481",0,0,2,2,2,3,"Alberta",99,"Anglican"
"482",0,0,2,4,4,3,"Alberta",8,"United Church"
"483",0,0,99,1,2,3,"Alberta",99,"Non-religious"
"484",0,0,4,4,4,3,"Alberta",99,"Other Christian"
"485",0,0,2,1,3,4,"Alberta",99,"Other"
"486",0,0,99,3,3,4,"British Columbia",99,"Non-religious"
"487",0,0,4,4,3,3,"Alberta",99,"Other Christian"
"488",0,0,99,2,4,4,"Alberta",99,"Non-religious"
"489",1,0,99,1,1,1,"Alberta",99,"Non-religious"
"490",0,0,1,1,4,3,"Alberta",6,"Catholic"
"491",1,0,99,3,4,1,"Alberta",99,"Non-religious"
"492",1,0,99,4,4,3,"Alberta",99,"Non-religious"
"493",0,0,99,1,2,3,"Alberta",99,"Non-religious"
"494",0,1,99,3,3,2,"Alberta",99,"Non-religious"
"495",0,0,2,4,2,3,"Alberta",99,"Other Christian"
"496",0,0,1,2,4,3,"Alberta",7,"United Church"
"497",0,0,3,3,2,3,"Alberta",99,"Other Christian"
"498",0,0,4,2,1,3,"British Columbia",8,"Catholic"
"499",0,0,2,3,3,2,"British Columbia",10,"United Church"
"500",0,0,99,4,4,3,"British Columbia",99,"Non-religious"
"501",0,0,2,2,2,1,"Alberta",5,"United Church"
"502",1,0,2,2,3,3,"British Columbia",99,"Other Christian"
"503",0,1,99,1,3,3,"Alberta",99,"Non-religious"
"504",1,0,1,1,4,2,"Alberta",4,"Catholic"
"505",0,1,99,3,4,2,"British Columbia",99,"Non-religious"
"506",0,0,2,2,4,3,"Alberta",7,"Catholic"
"507",1,0,4,3,3,3,"Alberta",7,"Catholic"
"508",1,0,4,2,3,3,"Alberta",5,"Catholic"
"509",0,1,99,2,4,1,"Alberta",99,"Non-religious"
"510",0,0,2,2,3,4,"Alberta",99,"Other"
"511",0,0,4,4,4,3,"Alberta",99,"Other Christian"
"512",1,0,2,3,3,2,"Alberta",99,"Other Christian"
"513",0,1,2,4,4,3,"Alberta",99,"Other"
"514",1,1,4,3,2,2,"Alberta",8,"United Church"
"515",1,0,1,3,4,3,"Alberta",3,"Catholic"
"516",1,1,2,3,1,3,"Alberta",7,"United Church"
"517",0,1,4,3,4,5,"Alberta",2,"Catholic"
"518",0,0,4,4,4,3,"Alberta",99,"Other Christian"
"519",0,1,99,2,4,3,"Alberta",99,"Non-religious"
"520",0,1,99,3,3,3,"Alberta",99,"Non-religious"
"521",0,0,99,2,3,1,"British Columbia",99,"Non-religious"
"522",0,0,4,3,3,3,"Alberta",99,"Muslim"
"523",1,0,2,2,3,4,"Alberta",0,"Catholic"
"524",0,1,4,2,3,3,"Alberta",4,"Catholic"
"525",0,1,99,1,3,3,"Alberta",99,"Non-religious"
"526",0,1,2,3,3,2,"Alberta",9,"Catholic"
"527",1,0,4,4,3,3,"Alberta",99,"Other Christian"
"528",0,0,99,4,4,3,"Alberta",99,"Non-religious"
"529",0,0,99,4,4,4,"British Columbia",99,"Non-religious"
"530",1,1,4,4,4,3,"Alberta",99,"Buddhist"
"531",0,0,99,2,3,3,"British Columbia",99,"Non-religious"
"532",0,0,99,2,4,3,"Alberta",99,"Non-religious"
"533",1,0,99,1,3,2,"Alberta",99,"Non-religious"
"534",1,0,2,2,4,3,"Alberta",7,"United Church"
"535",0,0,1,2,2,5,"Alberta",7,"United Church"
"536",0,0,2,4,4,3,"Alberta",99,"Other Christian"
"537",0,0,4,3,3,4,"British Columbia",99,"Other Christian"
"538",0,0,1,3,3,3,"Alberta",99,"Other Christian"
"539",0,0,2,2,3,2,"British Columbia",7,"United Church"
"540",0,0,1,2,2,4,"British Columbia",99,"Anglican"
"541",1,0,99,2,3,2,"Manitoba",99,"Non-religious"
"542",0,1,2,2,3,2,"British Columbia",7,"Catholic"
"543",1,0,99,2,2,3,"British Columbia",99,"Non-religious"
"544",1,0,2,3,3,2,"Alberta",7,"Catholic"
"545",0,0,1,2,2,3,"British Columbia",99,"Other Christian"
"546",0,0,2,2,2,3,"Alberta",99,"Other"
"547",0,0,2,3,3,2,"Alberta",99,"Other Christian"
"548",1,0,1,3,4,4,"Alberta",99,"Other Christian"
"549",0,0,2,1,1,1,"Alberta",99,"Anglican"
"550",0,0,99,1,3,2,"Alberta",99,"Non-religious"
"551",0,0,99,1,3,2,"Alberta",99,"Non-religious"
"552",0,0,1,3,3,2,"Alberta",99,"Other Christian"
"553",1,0,2,3,3,3,"Alberta",99,"Other Christian"
"554",0,1,4,4,4,4,"Alberta",6,"Catholic"
"555",1,0,1,1,1,3,"Alberta",99,"Other Christian"
"556",0,0,99,3,3,2,"Alberta",99,"Non-religious"
"557",1,0,99,3,3,3,"British Columbia",99,"Non-religious"
"558",0,0,1,1,3,3,"Alberta",6,"Catholic"
"559",1,1,1,1,3,4,"Alberta",4,"Catholic"
"560",0,0,99,2,2,2,"Alberta",99,"Non-religious"
"561",1,1,99,2,3,4,"Alberta",99,"Non-religious"
"562",0,0,99,1,4,1,"Alberta",99,"Non-religious"
"563",1,1,1,3,4,2,"British Columbia",99,"Other"
"564",1,1,99,3,2,2,"British Columbia",99,"Non-religious"
"565",1,0,1,3,4,4,"Alberta",99,"Other Christian"
"566",0,1,99,2,4,3,"British Columbia",99,"Non-religious"
"567",0,0,99,1,4,3,"Alberta",99,"Non-religious"
"568",1,1,99,2,3,2,"Alberta",99,"Non-religious"
"569",1,0,2,4,1,1,"Alberta",1,"Catholic"
"570",0,0,99,2,4,3,"Alberta",99,"Non-religious"
"571",0,0,99,3,3,3,"British Columbia",99,"Non-religious"
"572",0,0,99,3,3,3,"British Columbia",99,"Non-religious"
"573",0,0,99,3,2,1,"British Columbia",99,"Non-religious"
"574",0,0,99,2,1,3,"Alberta",99,"Non-religious"
"576",1,0,1,2,3,2,"Alberta",2,"Catholic"
"577",0,0,99,1,4,3,"Alberta",99,"Non-religious"
"578",0,0,99,4,4,1,"Alberta",99,"Non-religious"
"579",0,0,99,2,3,3,"British Columbia",99,"Non-religious"
"580",0,0,1,4,4,3,"British Columbia",10,"Catholic"
"581",0,0,99,1,3,4,"British Columbia",99,"Non-religious"
"582",0,0,1,1,3,1,"British Columbia",2,"Catholic"
"583",0,0,2,2,2,5,"British Columbia",8,"Catholic"
"585",0,0,4,4,2,2,"British Columbia",99,"Other Christian"
"586",0,0,99,3,4,3,"British Columbia",99,"Non-religious"
"587",1,1,99,2,4,2,"British Columbia",99,"Non-religious"
"588",0,0,99,3,3,4,"Alberta",99,"Non-religious"
"589",0,1,99,3,4,4,"Alberta",99,"Non-religious"
"590",0,0,2,2,3,3,"British Columbia",7,"United Church"
"591",1,1,4,4,2,3,"Alberta",99,"Other Christian"
"593",0,0,3,3,3,3,"Alberta",10,"Catholic"
"594",1,0,99,3,3,2,"British Columbia",99,"Non-religious"
"595",0,0,99,2,4,4,"Alberta",99,"Non-religious"
"596",0,0,4,2,1,2,"Alberta",99,"Jewish"
"597",1,0,1,2,4,4,"Alberta",99,"Jewish"
"598",0,0,2,2,3,4,"British Columbia",99,"Other Christian"
"599",1,0,99,2,3,3,"British Columbia",99,"Non-religious"
"600",0,1,1,2,2,3,"Alberta",99,"Other"
"601",0,1,4,2,1,2,"Alberta",9,"Catholic"
"602",1,1,99,1,4,4,"Alberta",99,"Non-religious"
"603",0,0,4,3,4,1,"Alberta",99,"Other Christian"
"604",0,0,99,3,4,3,"Alberta",99,"Non-religious"
"605",0,0,99,3,4,4,"Alberta",99,"Non-religious"
"606",1,0,2,3,4,2,"Alberta",99,"Jewish"
"607",0,0,1,1,3,3,"British Columbia",2,"United Church"
"608",1,0,1,1,3,2,"British Columbia",5,"Catholic"
"609",1,0,2,2,3,3,"Alberta",7,"Catholic"
"610",0,0,4,4,4,3,"Alberta",99,"Other Christian"
"611",1,0,1,1,4,5,"Alberta",99,"Anglican"
"612",1,0,1,3,3,2,"British Columbia",99,"Other Christian"
"613",1,0,99,1,4,3,"British Columbia",99,"Non-religious"
"614",1,0,4,3,3,2,"British Columbia",6,"Catholic"
"615",0,0,1,2,3,4,"British Columbia",99,"Buddhist"
"616",0,0,99,1,3,3,"British Columbia",99,"Non-religious"
"617",0,0,2,4,4,4,"Alberta",99,"Other Christian"
"618",0,0,1,4,4,3,"Alberta",99,"Other"
"619",0,0,2,4,3,4,"British Columbia",99,"Other Christian"
"620",1,0,1,1,3,3,"Alberta",99,"Anglican"
"621",0,0,99,1,4,3,"Alberta",99,"Non-religious"
"622",0,0,2,3,3,2,"British Columbia",99,"Other Christian"
"623",1,0,1,2,2,3,"Alberta",99,"Other"
"624",1,1,99,3,4,4,"Alberta",99,"Non-religious"
"625",0,0,99,1,4,2,"British Columbia",99,"Non-religious"
"626",0,1,1,1,4,3,"Alberta",4,"Catholic"
"627",0,1,99,2,4,2,"British Columbia",99,"Non-religious"
"628",1,1,99,3,4,1,"British Columbia",99,"Non-religious"
"629",1,1,1,2,2,3,"British Columbia",99,"Other Christian"
"630",1,1,4,4,4,5,"Alberta",99,"Other"
"631",0,0,1,2,3,3,"Alberta",6,"United Church"
"632",0,1,2,3,3,2,"Alberta",10,"Catholic"
"633",1,1,1,1,3,4,"Alberta",0,"Catholic"
"634",1,1,2,2,2,2,"Alberta",5,"United Church"
"635",0,0,99,1,4,2,"British Columbia",99,"Non-religious"
"637",1,0,2,2,2,4,"British Columbia",4,"Catholic"
"638",0,1,1,4,4,1,"Alberta",99,"Other Christian"
"639",0,0,99,4,4,3,"British Columbia",99,"Non-religious"
"640",0,0,99,2,4,1,"British Columbia",99,"Non-religious"
"641",1,1,99,2,3,1,"Alberta",99,"Non-religious"
"642",0,1,99,2,3,2,"Alberta",99,"Non-religious"
"643",0,1,4,4,4,4,"Alberta",99,"Other Christian"
"644",0,0,99,2,2,5,"British Columbia",99,"Non-religious"
"645",1,0,1,1,2,1,"Alberta",3,"Catholic"
"646",1,0,99,3,4,3,"British Columbia",99,"Non-religious"
"647",1,1,99,4,3,2,"Alberta",99,"Non-religious"
"648",0,0,1,1,2,2,"Alberta",99,"Anglican"
"649",1,0,99,3,3,3,"British Columbia",99,"Non-religious"
"650",0,0,1,1,3,1,"British Columbia",6,"Catholic"
"651",0,1,1,2,4,2,"British Columbia",8,"United Church"
"652",0,1,4,4,4,2,"British Columbia",8,"Catholic"
"653",0,1,99,2,3,2,"British Columbia",99,"Non-religious"
"654",0,0,99,3,4,4,"British Columbia",99,"Non-religious"
"655",0,0,99,3,4,4,"British Columbia",99,"Non-religious"
"656",0,0,99,1,3,3,"British Columbia",99,"Non-religious"
"657",0,0,99,1,2,3,"British Columbia",99,"Non-religious"
"658",0,0,99,1,3,3,"British Columbia",99,"Non-religious"
"659",1,0,99,2,2,4,"British Columbia",99,"Non-religious"
"660",0,0,99,1,2,1,"British Columbia",99,"Non-religious"
"661",0,0,99,3,3,1,"Alberta",99,"Non-religious"
"662",0,0,99,2,2,1,"British Columbia",99,"Non-religious"
"663",0,0,1,2,2,3,"British Columbia",7,"United Church"
"664",1,0,99,4,3,3,"British Columbia",99,"Non-religious"
"665",0,0,99,3,3,5,"British Columbia",99,"Non-religious"
"666",1,0,99,4,3,1,"British Columbia",99,"Non-religious"
"667",0,0,2,1,1,1,"Alberta",7,"Catholic"
"668",1,0,2,3,3,5,"Alberta",99,"Muslim"
"669",0,0,99,2,4,3,"Alberta",99,"Non-religious"
"670",0,0,1,1,4,3,"Alberta",0,"Catholic"
"671",0,0,1,3,3,3,"British Columbia",99,"Other Christian"
"672",0,0,99,3,3,3,"Alberta",99,"Non-religious"
"673",1,0,3,4,4,5,"Alberta",99,"Anglican"
"674",0,0,1,4,3,3,"Alberta",99,"Buddhist"
"675",0,1,99,2,3,3,"Alberta",99,"Non-religious"
"676",0,1,2,1,4,2,"British Columbia",99,"Anglican"
"677",0,1,2,3,3,3,"British Columbia",99,"Other"
"678",0,0,1,2,3,3,"Alberta",5,"United Church"
"679",1,0,1,2,2,3,"Alberta",8,"Catholic"
"680",1,0,1,3,3,1,"Manitoba",6,"Catholic"
"681",0,0,2,2,2,2,"British Columbia",7,"United Church"
"682",0,0,2,2,2,5,"Alberta",99,"Other Christian"
"683",1,0,2,2,3,3,"Alberta",99,"Other"
"684",1,0,1,2,3,3,"British Columbia",2,"Catholic"
"685",1,0,1,2,4,3,"New Brunswick",99,"Other Christian"
"686",0,1,99,1,2,2,"British Columbia",99,"Non-religious"
"687",1,1,99,1,3,3,"New Brunswick",99,"Non-religious"
"688",0,0,99,3,3,5,"British Columbia",99,"Non-religious"
"689",0,0,99,1,3,3,"Alberta",99,"Non-religious"
"690",0,0,1,2,2,3,"British Columbia",99,"Other"
"691",1,0,1,1,1,5,"British Columbia",99,"Other Christian"
"692",1,1,1,1,1,4,"British Columbia",99,"Muslim"
"693",1,0,4,4,4,3,"Alberta",99,"Other"
"694",0,0,99,2,3,3,"British Columbia",99,"Non-religious"
"695",0,0,99,1,3,1,"Alberta",99,"Non-religious"
"696",0,0,99,3,3,3,"Alberta",99,"Non-religious"
"697",0,0,2,3,4,3,"British Columbia",99,"Other Christian"
"699",0,1,1,1,3,3,"Alberta",8,"United Church"
"700",0,1,4,4,4,4,"Alberta",99,"Other Christian"
"701",0,1,2,2,3,2,"British Columbia",99,"Other Christian"
"702",0,1,1,1,4,5,"British Columbia",99,"Anglican"
"703",0,0,4,4,2,3,"Alberta",99,"Other Christian"
"704",0,0,1,3,3,3,"Alberta",5,"Catholic"
"705",0,1,1,2,4,3,"British Columbia",99,"Anglican"
"706",0,0,99,3,3,3,"Alberta",99,"Non-religious"
"708",1,1,99,2,2,3,"British Columbia",99,"Non-religious"
"709",0,0,1,1,3,3,"Alberta",99,"Other"
"710",0,0,99,2,2,3,"British Columbia",99,"Non-religious"
"711",0,0,99,2,3,3,"Alberta",99,"Non-religious"
"712",0,0,3,3,4,3,"British Columbia",99,"Other Christian"
"713",0,0,1,2,2,3,"Alberta",6,"United Church"
"714",0,0,4,4,3,4,"Alberta",99,"Other Christian"
"715",1,0,99,1,2,2,"Alberta",99,"Non-religious"
"716",1,0,99,2,3,1,"British Columbia",99,"Non-religious"
"717",0,0,99,1,2,2,"British Columbia",99,"Non-religious"
"718",0,0,99,2,3,3,"British Columbia",99,"Non-religious"
"719",1,0,4,1,1,3,"Alberta",99,"Other Christian"
"720",1,0,2,2,3,3,"Alberta",99,"Other Christian"
"721",0,0,99,2,3,3,"British Columbia",99,"Non-religious"
"722",1,1,99,1,4,3,"Alberta",99,"Non-religious"
"723",1,1,99,3,1,2,"British Columbia",99,"Non-religious"
"724",1,0,4,3,2,3,"Alberta",8,"Catholic"
"725",0,1,2,1,2,3,"British Columbia",99,"Other Christian"
"727",0,0,3,2,3,2,"British Columbia",7,"United Church"
"728",1,0,99,2,2,3,"New Brunswick",99,"Non-religious"
"729",1,0,1,1,4,3,"British Columbia",99,"Anglican"
"731",1,0,2,4,3,3,"British Columbia",4,"Catholic"
"732",0,0,1,2,2,1,"British Columbia",99,"Anglican"
"733",1,0,99,3,2,1,"Manitoba",99,"Non-religious"
"734",1,0,99,3,2,3,"Alberta",99,"Non-religious"
"735",0,1,99,4,4,1,"British Columbia",99,"Non-religious"
"736",0,1,3,3,3,2,"British Columbia",99,"Other Christian"
"737",0,1,99,4,3,2,"British Columbia",99,"Non-religious"
"738",0,1,2,2,4,2,"British Columbia",99,"Anglican"
"739",1,0,1,1,3,4,"Alberta",9,"United Church"
"740",0,0,4,4,3,4,"British Columbia",99,"Other"
"741",1,0,1,1,4,2,"British Columbia",99,"Anglican"
"742",0,0,99,1,1,2,"British Columbia",99,"Non-religious"
"743",0,0,4,4,2,3,"British Columbia",99,"Other Christian"
"744",1,0,99,3,3,3,"British Columbia",99,"Non-religious"
"745",0,0,99,4,4,3,"British Columbia",99,"Non-religious"
"746",0,0,4,4,3,2,"Alberta",99,"Other"
"747",0,0,99,3,2,1,"British Columbia",99,"Non-religious"
"748",1,0,99,1,3,4,"British Columbia",99,"Non-religious"
"749",1,1,99,2,2,1,"Alberta",99,"Non-religious"
"750",1,0,4,1,1,2,"New Brunswick",7,"Catholic"
"751",0,1,99,3,3,2,"Alberta",99,"Non-religious"
"752",1,1,99,3,2,3,"Alberta",99,"Non-religious"
"753",1,1,4,2,2,3,"Alberta",99,"Other Christian"
"754",1,1,4,2,2,3,"British Columbia",6,"United Church"
"755",1,1,99,4,4,3,"British Columbia",99,"Non-religious"
"757",1,0,99,1,3,3,"Alberta",99,"Non-religious"
"758",0,0,2,4,3,4,"British Columbia",99,"Anglican"
"759",1,0,2,1,4,1,"British Columbia",99,"Anglican"
"760",0,1,99,2,3,1,"British Columbia",99,"Non-religious"
"761",1,1,1,3,4,1,"British Columbia",99,"Other Christian"
"762",1,1,1,2,3,3,"British Columbia",99,"Other"
"763",0,1,99,2,3,3,"British Columbia",99,"Non-religious"
"764",1,0,99,4,3,2,"Alberta",99,"Non-religious"
"765",0,0,99,3,3,3,"British Columbia",99,"Non-religious"
"766",1,0,2,1,2,3,"British Columbia",8,"Catholic"
"767",1,0,1,2,2,2,"British Columbia",99,"Anglican"
"768",1,0,2,4,4,3,"Alberta",8,"Catholic"
"769",0,0,1,1,3,3,"British Columbia",99,"Anglican"
"770",1,1,1,2,2,2,"British Columbia",10,"United Church"
"771",0,1,1,1,4,2,"British Columbia",5,"Catholic"
"772",0,1,1,3,4,2,"British Columbia",6,"Catholic"
"773",1,0,99,1,3,3,"Alberta",99,"Non-religious"
"774",0,0,1,2,2,2,"British Columbia",5,"United Church"
"775",1,1,4,3,3,3,"British Columbia",10,"Catholic"
"776",0,0,1,1,1,5,"Alberta",0,"Catholic"
"777",1,1,3,3,3,4,"British Columbia",99,"Anglican"
"778",0,1,99,2,3,3,"British Columbia",99,"Non-religious"
"779",0,0,99,2,2,3,"British Columbia",99,"Non-religious"
"780",0,0,99,1,1,3,"British Columbia",99,"Non-religious"
"781",1,0,2,3,3,2,"Alberta",99,"Other Christian"
"782",1,0,2,2,2,1,"British Columbia",99,"Other"
"783",0,0,1,2,4,3,"British Columbia",99,"Other"
"784",0,0,1,3,3,1,"British Columbia",8,"Catholic"
"785",0,0,2,1,1,2,"Newfoundland and Labrador",2,"Catholic"
"786",0,0,1,1,3,2,"British Columbia",99,"Anglican"
"787",0,0,99,3,3,2,"Alberta",99,"Non-religious"
"788",0,0,2,2,3,3,"Alberta",8,"Catholic"
"789",0,0,99,2,2,1,"Alberta",99,"Non-religious"
"790",0,0,99,3,4,2,"Alberta",99,"Non-religious"
"791",0,0,4,3,3,3,"British Columbia",5,"Catholic"
"793",1,0,1,2,3,1,"British Columbia",7,"Catholic"
"794",0,0,99,1,1,5,"British Columbia",99,"Non-religious"
"795",0,0,1,3,4,5,"Alberta",7,"Catholic"
"796",0,0,99,3,3,3,"Alberta",99,"Non-religious"
"797",0,0,1,2,2,3,"Alberta",99,"Other Christian"
"798",0,1,4,4,3,2,"British Columbia",9,"Catholic"
"799",0,1,99,3,3,3,"British Columbia",99,"Non-religious"
"800",1,1,99,1,3,2,"British Columbia",99,"Non-religious"
"801",0,1,99,4,4,1,"British Columbia",99,"Non-religious"
"802",1,0,2,3,3,3,"Alberta",99,"Other Christian"
"803",0,0,1,2,2,2,"British Columbia",99,"Other Christian"
"804",0,0,1,2,3,3,"British Columbia",99,"Other Christian"
"805",0,0,1,2,2,1,"Alberta",99,"Other Christian"
"806",1,0,99,3,3,3,"Alberta",99,"Non-religious"
"807",1,0,3,1,1,3,"New Brunswick",8,"Catholic"
"808",0,0,99,1,2,4,"Alberta",99,"Non-religious"
"809",1,0,2,1,3,3,"British Columbia",4,"Catholic"
"810",0,0,99,3,4,3,"British Columbia",99,"Non-religious"
"811",1,1,1,1,1,2,"British Columbia",99,"Muslim"
"812",1,1,2,2,2,2,"British Columbia",8,"Catholic"
"813",0,0,99,2,2,1,"British Columbia",99,"Non-religious"
"814",0,0,1,3,3,3,"British Columbia",8,"Catholic"
"815",1,0,4,3,3,3,"British Columbia",9,"Catholic"
"817",0,0,2,2,3,1,"Alberta",4,"Catholic"
"818",0,0,99,2,3,3,"British Columbia",99,"Non-religious"
"819",1,0,99,2,2,3,"British Columbia",99,"Non-religious"
"820",0,1,2,2,2,2,"Alberta",99,"Other Christian"
"821",0,1,4,3,3,3,"Alberta",10,"Catholic"
"822",1,1,99,2,2,2,"British Columbia",99,"Non-religious"
"825",1,1,99,3,3,2,"British Columbia",99,"Non-religious"
"826",0,1,99,2,2,3,"British Columbia",99,"Non-religious"
"827",1,0,1,1,4,3,"Newfoundland and Labrador",8,"United Church"
"828",0,0,99,2,4,2,"British Columbia",99,"Non-religious"
"830",0,1,1,2,1,1,"Alberta",0,"Catholic"
"831",1,1,99,3,3,1,"British Columbia",99,"Non-religious"
"832",1,0,1,1,3,2,"British Columbia",1,"Catholic"
"833",0,0,4,1,3,2,"British Columbia",99,"Other Christian"
"834",0,0,2,1,2,2,"British Columbia",99,"Other Christian"
"835",0,1,99,2,4,3,"British Columbia",99,"Non-religious"
"836",1,0,2,1,2,3,"British Columbia",4,"Catholic"
"837",1,0,1,3,4,3,"Newfoundland and Labrador",99,"Other Christian"
"838",0,0,1,1,2,4,"Newfoundland and Labrador",5,"United Church"
"839",0,0,99,3,3,3,"British Columbia",99,"Non-religious"
"840",1,0,99,2,2,3,"British Columbia",99,"Non-religious"
"841",0,0,99,1,3,4,"Alberta",99,"Non-religious"
"842",1,0,2,1,2,3,"British Columbia",7,"Catholic"
"843",1,0,2,3,1,5,"British Columbia",3,"United Church"
"844",1,0,1,1,3,2,"British Columbia",99,"Anglican"
"845",0,0,2,3,3,4,"British Columbia",99,"Other Christian"
"846",0,0,1,1,3,3,"British Columbia",99,"Other Christian"
"847",1,0,1,3,4,3,"British Columbia",99,"Anglican"
"848",1,0,99,3,3,3,"British Columbia",99,"Non-religious"
"849",0,0,4,4,4,4,"Alberta",99,"Other Christian"
"850",0,0,1,4,2,1,"British Columbia",99,"Buddhist"
"851",0,0,4,3,2,3,"British Columbia",99,"Other Christian"
"852",0,0,1,1,3,3,"British Columbia",5,"United Church"
"853",1,1,4,4,4,3,"British Columbia",99,"Other Christian"
"854",0,0,1,1,4,3,"British Columbia",2,"Catholic"
"855",1,0,4,3,3,3,"British Columbia",99,"Other Christian"
"856",0,0,1,2,3,2,"Nova Scotia",99,"Other Christian"
"857",1,0,2,3,4,5,"Nova Scotia",10,"Catholic"
"858",1,0,1,3,3,2,"British Columbia",99,"Anglican"
"859",1,0,4,4,3,1,"British Columbia",99,"Anglican"
"860",0,1,99,2,3,2,"British Columbia",99,"Non-religious"
"861",0,0,2,3,3,3,"British Columbia",99,"Other Christian"
"862",0,0,4,2,2,3,"Nova Scotia",10,"Catholic"
"863",0,0,1,2,4,4,"British Columbia",99,"Other Christian"
"864",1,0,99,3,3,4,"Nova Scotia",99,"Non-religious"
"866",1,0,99,3,3,2,"Nova Scotia",99,"Non-religious"
"867",0,0,99,2,4,3,"British Columbia",99,"Non-religious"
"868",0,0,4,3,3,3,"British Columbia",99,"Other Christian"
"870",0,0,2,3,4,3,"British Columbia",99,"Other"
"871",0,0,1,3,3,3,"British Columbia",99,"Other Christian"
"872",0,0,99,2,3,4,"British Columbia",99,"Non-religious"
"873",0,1,4,2,2,4,"Alberta",99,"Other Christian"
"874",0,0,1,2,4,3,"New Brunswick",99,"Other"
"875",0,0,99,3,3,3,"British Columbia",99,"Non-religious"
"876",1,1,3,2,3,4,"Alberta",8,"Catholic"
"877",0,1,2,3,2,1,"Alberta",9,"Catholic"
"878",0,0,99,1,3,4,"British Columbia",99,"Non-religious"
"879",0,1,99,3,4,4,"Alberta",99,"Non-religious"
"880",0,0,99,2,2,3,"British Columbia",99,"Non-religious"
"881",0,0,4,4,4,2,"British Columbia",99,"Other Christian"
"882",1,0,99,2,2,4,"British Columbia",99,"Non-religious"
"883",1,0,2,2,4,3,"British Columbia",9,"Catholic"
"884",0,0,2,1,1,3,"British Columbia",99,"Anglican"
"885",0,0,99,2,3,3,"British Columbia",99,"Non-religious"
"886",0,0,2,2,3,3,"British Columbia",99,"Other Christian"
"887",1,0,3,2,2,4,"British Columbia",6,"United Church"
"888",1,0,1,2,3,3,"British Columbia",6,"Catholic"
"889",0,0,99,4,4,1,"British Columbia",99,"Non-religious"
"890",0,0,99,1,3,2,"British Columbia",99,"Non-religious"
"891",0,0,99,2,3,3,"Manitoba",99,"Non-religious"
"892",0,0,99,3,4,2,"British Columbia",99,"Non-religious"
"894",1,0,99,3,3,5,"British Columbia",99,"Non-religious"
"895",1,0,1,2,3,2,"Manitoba",4,"United Church"
"896",0,0,1,1,2,1,"British Columbia",99,"Anglican"
"897",0,0,4,3,3,4,"British Columbia",99,"Buddhist"
"898",0,0,2,2,2,3,"Manitoba",99,"Other"
"899",1,0,4,4,4,2,"Manitoba",99,"Other Christian"
"900",0,1,1,2,2,1,"Manitoba",4,"Catholic"
"902",0,0,99,2,3,2,"British Columbia",99,"Non-religious"
"903",0,1,2,2,4,2,"Manitoba",8,"Catholic"
"904",0,0,99,1,2,1,"Manitoba",99,"Non-religious"
"905",0,0,2,3,2,3,"Nova Scotia",5,"Catholic"
"906",0,0,1,2,4,3,"Manitoba",99,"Other"
"907",1,0,2,3,4,3,"Manitoba",99,"Buddhist"
"908",0,1,4,4,3,2,"British Columbia",99,"Other Christian"
"910",1,0,99,3,3,3,"British Columbia",99,"Non-religious"
"911",1,0,99,4,4,1,"British Columbia",99,"Non-religious"
"912",0,1,99,2,2,2,"British Columbia",99,"Non-religious"
"913",0,0,99,2,3,3,"Alberta",99,"Non-religious"
"914",0,0,99,1,4,2,"British Columbia",99,"Non-religious"
"915",1,0,99,1,4,4,"British Columbia",99,"Non-religious"
"916",0,0,1,1,4,1,"Alberta",99,"Anglican"
"917",0,1,2,3,3,3,"British Columbia",6,"Catholic"
"918",1,0,1,1,3,2,"British Columbia",99,"Anglican"
"919",0,0,99,2,4,3,"Manitoba",99,"Non-religious"
"920",1,0,3,3,4,3,"Manitoba",99,"Other Christian"
"921",1,0,2,2,3,3,"Manitoba",3,"Catholic"
"922",1,0,99,2,3,2,"Manitoba",99,"Non-religious"
"923",0,0,99,4,4,3,"Manitoba",99,"Non-religious"
"924",0,0,1,1,3,3,"Alberta",3,"United Church"
"925",1,0,1,3,4,3,"Manitoba",99,"Other Christian"
"926",0,0,99,2,3,1,"Manitoba",99,"Non-religious"
"927",1,1,1,2,2,2,"Manitoba",99,"Other Christian"
"928",0,0,99,4,4,2,"Manitoba",99,"Non-religious"
"929",0,0,1,1,3,1,"Manitoba",0,"Catholic"
"930",1,0,1,2,2,2,"Manitoba",99,"Other Christian"
"931",0,0,99,2,2,3,"Manitoba",99,"Non-religious"
"932",0,0,4,3,3,3,"Nova Scotia",9,"Catholic"
"933",0,0,99,1,3,2,"Manitoba",99,"Non-religious"
"934",1,0,4,3,2,2,"Manitoba",99,"Other"
"935",1,0,99,4,4,3,"Manitoba",99,"Non-religious"
"936",0,0,1,3,2,1,"British Columbia",0,"Catholic"
"937",1,0,1,3,4,4,"Alberta",6,"Catholic"
"938",0,0,99,2,4,2,"British Columbia",99,"Non-religious"
"939",0,1,99,3,3,3,"Manitoba",99,"Non-religious"
"940",1,0,99,3,3,3,"Manitoba",99,"Non-religious"
"941",1,0,99,2,3,2,"Manitoba",99,"Non-religious"
"942",0,1,4,4,4,3,"Manitoba",99,"Other Christian"
"943",0,0,2,4,4,2,"Manitoba",10,"Catholic"
"944",0,1,99,3,3,3,"Manitoba",99,"Non-religious"
"945",1,0,1,3,3,3,"Manitoba",99,"Other Christian"
"946",0,0,2,3,3,3,"Manitoba",6,"Catholic"
"947",0,0,99,2,3,3,"Manitoba",99,"Non-religious"
"948",0,0,1,2,3,1,"Manitoba",99,"Other"
"949",1,0,99,1,1,1,"Manitoba",99,"Non-religious"
"950",1,1,2,2,3,2,"Manitoba",99,"Anglican"
"952",0,0,2,3,4,3,"Manitoba",99,"Other"
"953",0,0,99,2,3,3,"Manitoba",99,"Non-religious"
"955",0,1,2,2,4,2,"Alberta",4,"Catholic"
"956",1,0,99,3,3,2,"Manitoba",99,"Non-religious"
"957",0,0,99,1,3,3,"Manitoba",99,"Non-religious"
"958",0,0,99,2,3,5,"Alberta",99,"Non-religious"
"959",0,0,2,2,3,1,"Alberta",99,"Buddhist"
"960",0,0,99,3,3,1,"British Columbia",99,"Non-religious"
"961",0,0,2,1,4,2,"British Columbia",99,"Anglican"
"962",0,0,99,1,3,2,"British Columbia",99,"Non-religious"
"963",0,0,99,2,2,2,"British Columbia",99,"Non-religious"
"964",0,1,1,1,3,1,"British Columbia",99,"Other Christian"
"965",0,0,99,3,3,3,"British Columbia",99,"Non-religious"
"966",0,1,1,3,4,1,"British Columbia",99,"Other Christian"
"967",0,1,99,3,3,2,"British Columbia",99,"Non-religious"
"968",0,0,1,3,3,1,"British Columbia",99,"Other"
"969",1,0,99,2,3,2,"British Columbia",99,"Non-religious"
"970",0,0,99,3,3,3,"British Columbia",99,"Non-religious"
"971",1,0,1,2,3,3,"British Columbia",6,"Catholic"
"972",0,0,1,4,4,3,"British Columbia",99,"Other Christian"
"973",1,0,99,1,1,3,"British Columbia",99,"Non-religious"
"974",0,0,1,1,1,2,"Manitoba",10,"Catholic"
"975",1,0,1,2,1,3,"British Columbia",99,"Other"
"976",0,0,99,1,3,4,"Nova Scotia",99,"Non-religious"
"977",1,0,2,1,2,4,"Manitoba",8,"Catholic"
"978",0,0,2,3,3,3,"Manitoba",99,"Other Christian"
"979",0,0,2,3,2,3,"Manitoba",3,"Catholic"
"980",0,0,2,3,3,3,"Manitoba",5,"Catholic"
"981",0,0,1,1,2,3,"British Columbia",99,"Anglican"
"982",1,0,1,1,4,3,"Alberta",3,"Catholic"
"984",1,0,1,3,3,3,"Manitoba",99,"Jewish"
"985",1,1,99,3,3,3,"British Columbia",99,"Non-religious"
"986",0,0,99,3,4,3,"Alberta",99,"Non-religious"
"988",1,0,1,2,4,3,"British Columbia",99,"Other"
"989",0,1,99,3,4,2,"Alberta",99,"Non-religious"
"990",1,0,99,1,1,3,"British Columbia",99,"Non-religious"
"991",1,1,1,3,3,2,"Manitoba",10,"United Church"
"992",1,0,4,3,3,3,"Manitoba",99,"Muslim"
"993",0,0,3,3,3,3,"Manitoba",99,"Other Christian"
"994",0,1,99,2,3,2,"British Columbia",99,"Non-religious"
"995",0,1,1,1,2,5,"British Columbia",10,"United Church"
"996",1,1,3,4,4,4,"British Columbia",99,"Anglican"
"998",0,0,99,2,3,3,"British Columbia",99,"Non-religious"
"999",1,0,99,2,3,3,"British Columbia",99,"Non-religious"
"1000",0,1,2,2,3,2,"Manitoba",7,"United Church"
"1001",1,0,4,4,3,1,"Manitoba",99,"Other Christian"
"1002",1,0,99,4,3,1,"British Columbia",99,"Non-religious"
"1003",0,1,4,4,3,3,"Alberta",10,"Catholic"
"1004",1,1,1,1,3,4,"Alberta",99,"Other Christian"
"1005",0,1,4,2,3,3,"Alberta",99,"Other Christian"
"1006",0,0,3,3,3,4,"Alberta",99,"Other Christian"
"1007",0,0,2,2,3,2,"British Columbia",99,"Anglican"
"1008",0,0,2,3,3,3,"Manitoba",7,"United Church"
"1009",0,0,1,2,4,3,"British Columbia",8,"United Church"
"1010",1,0,99,2,3,2,"Manitoba",99,"Non-religious"
"1011",0,0,2,3,3,3,"British Columbia",3,"Catholic"
"1012",1,0,99,2,4,4,"Alberta",99,"Non-religious"
"1013",0,1,1,2,3,2,"Manitoba",99,"Other Christian"
"1014",0,0,2,4,4,4,"Manitoba",10,"Catholic"
"1015",1,0,1,4,3,3,"Manitoba",99,"Jewish"
"1016",1,1,2,2,3,3,"Manitoba",6,"Catholic"
"1017",1,1,99,1,3,3,"Manitoba",99,"Non-religious"
"1018",1,0,99,1,2,3,"Manitoba",99,"Non-religious"
"1019",1,1,99,1,4,2,"British Columbia",99,"Non-religious"
"1020",0,0,1,3,3,2,"Manitoba",9,"Catholic"
"1021",0,1,2,2,2,4,"Ontario",8,"Catholic"
"1022",1,0,1,3,4,3,"Manitoba",8,"Catholic"
"1024",0,1,4,4,3,4,"Manitoba",99,"Other Christian"
"1025",0,0,1,2,3,4,"British Columbia",99,"Other Christian"
"1026",1,1,1,1,3,3,"Manitoba",8,"United Church"
"1027",0,0,4,3,4,3,"Manitoba",99,"Other Christian"
"1028",0,0,4,4,3,3,"Manitoba",99,"Other Christian"
"1029",1,1,1,2,3,3,"Manitoba",5,"United Church"
"1030",1,1,4,3,3,2,"Manitoba",8,"United Church"
"1031",0,0,1,2,2,3,"British Columbia",99,"Other Christian"
"1032",0,1,2,1,3,2,"British Columbia",99,"Anglican"
"1033",0,0,1,1,2,3,"British Columbia",5,"Catholic"
"1034",0,0,2,3,4,3,"Manitoba",99,"Other Christian"
"1035",0,0,99,2,3,3,"Manitoba",99,"Non-religious"
"1036",1,0,1,3,3,2,"Manitoba",3,"United Church"
"1037",1,0,2,1,3,3,"British Columbia",99,"Anglican"
"1038",1,1,99,1,4,3,"British Columbia",99,"Non-religious"
"1039",0,0,99,2,4,3,"Manitoba",99,"Non-religious"
"1040",0,0,2,3,4,2,"Manitoba",0,"Catholic"
"1041",0,0,2,4,4,1,"Alberta",8,"United Church"
"1042",0,0,4,4,4,3,"Manitoba",99,"Other Christian"
"1043",1,0,2,3,4,3,"Manitoba",6,"United Church"
"1044",0,1,99,2,2,1,"Ontario",99,"Non-religious"
"1045",0,0,1,2,2,3,"Manitoba",99,"Other Christian"
"1046",0,0,2,3,3,3,"Manitoba",99,"Other Christian"
"1047",1,0,1,2,2,2,"Alberta",8,"Catholic"
"1048",0,0,1,1,4,1,"Alberta",0,"United Church"
"1049",1,1,99,2,2,1,"Ontario",99,"Non-religious"
"1050",0,1,1,1,3,1,"Ontario",99,"Muslim"
"1051",0,1,1,2,4,2,"Ontario",3,"Catholic"
"1052",1,1,99,3,3,1,"Ontario",99,"Non-religious"
"1053",1,0,1,1,3,3,"New Brunswick",5,"Catholic"
"1054",0,0,2,4,3,3,"New Brunswick",99,"Other Christian"
"1055",1,0,99,4,4,4,"Ontario",99,"Non-religious"
"1056",0,0,1,3,3,1,"Ontario",99,"Other Christian"
"1057",1,0,4,4,3,3,"New Brunswick",9,"Catholic"
"1058",0,0,99,2,4,3,"New Brunswick",99,"Non-religious"
"1059",1,0,2,1,3,3,"British Columbia",2,"Catholic"
"1060",1,0,4,1,1,3,"British Columbia",99,"Other Christian"
"1061",0,0,99,2,2,3,"New Brunswick",99,"Non-religious"
"1062",0,0,99,1,1,1,"British Columbia",99,"Non-religious"
"1063",1,0,3,3,3,2,"British Columbia",99,"Other Christian"
"1064",0,1,2,1,2,2,"British Columbia",5,"United Church"
"1065",0,1,99,3,3,2,"New Brunswick",99,"Non-religious"
"1066",0,0,1,1,1,2,"New Brunswick",0,"Catholic"
"1067",0,1,2,1,1,3,"British Columbia",99,"Anglican"
"1068",0,1,1,1,3,3,"British Columbia",99,"Anglican"
"1069",0,0,1,2,3,3,"New Brunswick",5,"Catholic"
"1070",0,1,3,1,3,3,"British Columbia",99,"Other"
"1071",1,0,99,1,3,1,"Alberta",99,"Non-religious"
"1072",1,1,2,2,3,3,"New Brunswick",99,"Other Christian"
"1073",1,0,2,4,2,3,"Alberta",9,"Catholic"
"1074",0,0,1,1,2,3,"New Brunswick",0,"Catholic"
"1075",1,0,1,1,1,1,"British Columbia",99,"Anglican"
"1076",1,0,4,2,2,3,"New Brunswick",0,"Catholic"
"1077",0,0,4,2,2,1,"British Columbia",99,"Other Christian"
"1078",1,0,1,3,3,3,"British Columbia",99,"Other"
"1079",1,0,1,2,2,1,"British Columbia",99,"Anglican"
"1080",0,1,2,2,3,3,"New Brunswick",9,"Catholic"
"1081",0,0,99,2,3,3,"New Brunswick",99,"Non-religious"
"1082",0,0,4,3,2,3,"New Brunswick",99,"Other Christian"
"1083",0,0,4,4,3,1,"New Brunswick",7,"Catholic"
"1084",0,1,2,2,4,3,"New Brunswick",5,"Catholic"
"1085",0,0,4,2,3,3,"New Brunswick",4,"Catholic"
"1086",0,0,99,3,3,3,"New Brunswick",99,"Non-religious"
"1087",0,0,99,3,4,2,"New Brunswick",99,"Non-religious"
"1088",0,0,4,3,2,2,"New Brunswick",99,"Other Christian"
"1089",0,1,2,3,3,3,"New Brunswick",5,"Catholic"
"1090",0,0,4,4,3,2,"Manitoba",99,"Other Christian"
"1091",1,0,2,2,3,5,"British Columbia",99,"Anglican"
"1092",0,0,99,3,3,4,"New Brunswick",99,"Non-religious"
"1093",0,0,2,3,3,3,"New Brunswick",4,"Catholic"
"1094",0,0,1,2,3,3,"New Brunswick",99,"Other Christian"
"1095",1,0,4,3,4,3,"New Brunswick",99,"Other Christian"
"1096",1,0,1,1,3,3,"New Brunswick",1,"Catholic"
"1097",0,0,1,2,2,3,"New Brunswick",9,"Catholic"
"1098",0,0,2,1,2,3,"British Columbia",7,"United Church"
"1099",0,0,1,2,3,3,"New Brunswick",99,"Other Christian"
"1100",0,0,99,1,1,3,"New Brunswick",99,"Non-religious"
"1101",1,1,3,1,1,2,"New Brunswick",99,"Anglican"
"1102",0,1,1,2,2,3,"New Brunswick",99,"Other Christian"
"1103",0,0,2,2,2,3,"New Brunswick",99,"Other"
"1104",1,0,4,4,3,3,"New Brunswick",99,"Other Christian"
"1106",1,0,4,3,2,3,"New Brunswick",99,"Other Christian"
"1107",0,0,2,3,3,3,"New Brunswick",7,"Catholic"
"1108",0,0,4,3,2,2,"New Brunswick",99,"Other"
"1109",0,0,99,4,4,3,"New Brunswick",99,"Non-religious"
"1110",1,0,99,3,3,3,"British Columbia",99,"Non-religious"
"1111",1,1,2,3,3,3,"New Brunswick",6,"Catholic"
"1112",0,0,2,4,4,2,"New Brunswick",99,"Other"
"1113",0,0,1,2,4,3,"New Brunswick",7,"United Church"
"1114",0,0,99,4,4,3,"Ontario",99,"Non-religious"
"1115",0,0,1,1,4,3,"New Brunswick",7,"Catholic"
"1116",0,0,99,1,2,2,"New Brunswick",99,"Non-religious"
"1117",1,1,99,4,3,2,"Ontario",99,"Non-religious"
"1118",1,1,1,2,3,2,"New Brunswick",8,"Catholic"
"1119",0,1,4,3,2,2,"New Brunswick",99,"Other Christian"
"1120",0,0,2,3,2,1,"New Brunswick",99,"Other Christian"
"1121",1,0,1,1,2,3,"British Columbia",99,"Anglican"
"1122",1,1,4,3,2,2,"New Brunswick",99,"Other Christian"
"1123",1,0,1,2,4,2,"New Brunswick",4,"Catholic"
"1124",1,0,1,3,4,1,"New Brunswick",3,"Catholic"
"1125",0,0,1,1,3,3,"New Brunswick",5,"Catholic"
"1126",1,0,1,1,1,4,"New Brunswick",99,"Anglican"
"1127",1,0,99,3,3,3,"New Brunswick",99,"Non-religious"
"1128",1,0,1,1,2,3,"British Columbia",99,"Other Christian"
"1129",0,0,1,2,2,2,"New Brunswick",99,"Other"
"1130",0,0,1,2,4,3,"New Brunswick",7,"United Church"
"1131",0,0,2,4,3,3,"New Brunswick",8,"Catholic"
"1132",0,0,2,4,2,2,"British Columbia",99,"Other Christian"
"1133",0,1,2,3,3,3,"Newfoundland and Labrador",99,"Anglican"
"1134",0,1,2,3,3,4,"Newfoundland and Labrador",7,"Catholic"
"1135",0,0,1,2,2,3,"Newfoundland and Labrador",5,"Catholic"
"1136",1,1,2,1,4,3,"Newfoundland and Labrador",99,"Anglican"
"1137",1,0,99,3,3,3,"British Columbia",99,"Non-religious"
"1138",1,1,1,3,3,3,"Newfoundland and Labrador",7,"Catholic"
"1140",1,0,1,1,1,3,"Newfoundland and Labrador",2,"Catholic"
"1141",0,0,1,1,1,3,"British Columbia",99,"Other Christian"
"1142",1,0,99,2,3,2,"British Columbia",99,"Non-religious"
"1143",0,0,2,2,3,4,"Ontario",6,"Catholic"
"1144",0,0,4,2,2,3,"Newfoundland and Labrador",4,"United Church"
"1145",1,0,99,1,3,2,"British Columbia",99,"Non-religious"
"1146",0,1,99,3,4,3,"Newfoundland and Labrador",99,"Non-religious"
"1147",1,0,1,4,3,5,"Newfoundland and Labrador",8,"United Church"
"1148",1,0,1,3,4,4,"Newfoundland and Labrador",4,"United Church"
"1149",1,0,1,2,2,3,"Ontario",99,"Anglican"
"1150",0,0,2,3,3,3,"Newfoundland and Labrador",8,"Catholic"
"1151",1,1,1,2,2,3,"Newfoundland and Labrador",6,"Catholic"
"1152",0,0,4,2,2,2,"British Columbia",99,"Other Christian"
"1153",0,0,2,1,2,3,"British Columbia",6,"Catholic"
"1154",0,0,99,2,2,3,"Manitoba",99,"Non-religious"
"1155",0,0,4,4,4,5,"Newfoundland and Labrador",99,"Other Christian"
"1156",1,0,2,2,2,3,"Newfoundland and Labrador",99,"Anglican"
"1157",0,0,2,1,3,2,"British Columbia",99,"Anglican"
"1158",0,0,99,2,2,3,"Manitoba",99,"Non-religious"
"1159",0,0,2,2,4,3,"Manitoba",99,"Anglican"
"1160",1,0,99,2,4,3,"Alberta",99,"Non-religious"
"1161",0,1,99,3,3,3,"Newfoundland and Labrador",99,"Non-religious"
"1162",0,1,2,2,4,3,"Newfoundland and Labrador",4,"Catholic"
"1163",0,0,2,3,3,3,"Newfoundland and Labrador",99,"Other Christian"
"1164",1,0,2,3,4,3,"Newfoundland and Labrador",10,"Catholic"
"1165",0,0,1,1,2,5,"Newfoundland and Labrador",6,"Catholic"
"1166",0,1,99,3,4,1,"Ontario",99,"Non-religious"
"1167",0,0,2,3,4,3,"Alberta",6,"Catholic"
"1168",1,0,99,2,3,1,"Alberta",99,"Non-religious"
"1169",1,1,1,2,3,3,"British Columbia",8,"Catholic"
"1170",0,1,4,4,3,3,"British Columbia",99,"Other Christian"
"1171",1,0,99,2,4,3,"Alberta",99,"Non-religious"
"1172",0,1,2,2,3,3,"Newfoundland and Labrador",99,"Anglican"
"1173",1,0,1,3,2,3,"Newfoundland and Labrador",99,"Other Christian"
"1174",1,0,1,3,4,3,"Newfoundland and Labrador",99,"Anglican"
"1176",1,0,99,3,2,5,"British Columbia",99,"Non-religious"
"1177",0,0,1,1,3,3,"Newfoundland and Labrador",5,"Catholic"
"1179",0,0,1,1,1,4,"Newfoundland and Labrador",4,"Catholic"
"1180",1,0,2,2,2,4,"Ontario",99,"Anglican"
"1181",1,1,2,2,4,4,"Newfoundland and Labrador",99,"Anglican"
"1182",0,0,4,2,2,3,"Newfoundland and Labrador",10,"Catholic"
"1183",1,1,99,3,3,3,"Newfoundland and Labrador",99,"Non-religious"
"1184",0,0,2,3,3,3,"Newfoundland and Labrador",8,"United Church"
"1185",0,0,2,3,2,3,"Newfoundland and Labrador",5,"Catholic"
"1186",1,0,1,2,3,4,"Newfoundland and Labrador",8,"Catholic"
"1187",1,1,99,3,4,5,"Newfoundland and Labrador",99,"Non-religious"
"1188",1,0,3,3,3,3,"Newfoundland and Labrador",4,"Catholic"
"1189",0,0,2,3,3,3,"Newfoundland and Labrador",99,"Anglican"
"1190",1,0,4,4,3,5,"Newfoundland and Labrador",99,"Other Christian"
"1191",1,1,2,2,4,2,"Ontario",99,"Other Christian"
"1192",1,1,2,2,3,3,"Newfoundland and Labrador",3,"United Church"
"1193",1,0,1,3,3,3,"Newfoundland and Labrador",8,"Catholic"
"1194",1,0,1,1,1,3,"Newfoundland and Labrador",2,"Catholic"
"1195",1,0,1,1,1,3,"British Columbia",5,"United Church"
"1196",0,0,99,1,2,2,"Newfoundland and Labrador",99,"Non-religious"
"1197",1,0,3,4,4,4,"Newfoundland and Labrador",5,"United Church"
"1198",1,0,4,4,3,2,"British Columbia",9,"Catholic"
"1199",0,0,1,3,4,3,"British Columbia",99,"Other"
"1200",0,0,1,1,4,5,"Newfoundland and Labrador",8,"Catholic"
"1201",1,0,99,2,2,2,"Ontario",99,"Non-religious"
"1202",1,0,99,1,3,1,"Ontario",99,"Non-religious"
"1203",1,0,4,4,4,3,"Newfoundland and Labrador",99,"Anglican"
"1205",0,0,99,3,3,3,"British Columbia",99,"Non-religious"
"1206",0,1,99,1,2,3,"Nova Scotia",99,"Non-religious"
"1207",0,0,4,2,3,3,"Nova Scotia",7,"Catholic"
"1208",0,1,99,3,3,3,"British Columbia",99,"Non-religious"
"1209",0,1,4,4,4,2,"Nova Scotia",8,"Catholic"
"1210",1,0,2,1,3,3,"British Columbia",99,"Other Christian"
"1211",0,0,99,3,3,3,"New Brunswick",99,"Non-religious"
"1212",0,0,99,1,2,2,"New Brunswick",99,"Non-religious"
"1213",0,1,99,1,3,4,"Nova Scotia",99,"Non-religious"
"1214",0,0,3,2,4,3,"Quebec",6,"Catholic"
"1215",0,0,2,3,2,4,"Ontario",3,"United Church"
"1216",1,0,1,3,3,2,"Nova Scotia",99,"Jewish"
"1217",0,1,99,3,4,4,"Nova Scotia",99,"Non-religious"
"1218",1,0,1,1,2,3,"British Columbia",99,"Anglican"
"1219",1,0,99,1,4,3,"British Columbia",99,"Non-religious"
"1220",0,1,2,2,2,3,"Ontario",6,"Catholic"
"1221",0,1,4,1,1,1,"Ontario",9,"Catholic"
"1223",1,1,99,3,3,1,"Nova Scotia",99,"Non-religious"
"1224",1,0,99,2,3,2,"Nova Scotia",99,"Non-religious"
"1225",0,0,99,3,3,3,"Nova Scotia",99,"Non-religious"
"1226",1,0,99,2,2,1,"Ontario",99,"Non-religious"
"1227",0,0,99,4,4,3,"Nova Scotia",99,"Non-religious"
"1228",0,1,1,2,4,3,"Ontario",6,"United Church"
"1229",0,1,4,1,3,1,"Ontario",2,"United Church"
"1230",1,1,1,1,3,3,"Ontario",99,"Anglican"
"1231",0,0,2,2,4,3,"Nova Scotia",99,"Anglican"
"1232",1,0,1,3,3,2,"Nova Scotia",4,"Catholic"
"1233",0,1,1,4,4,5,"Nova Scotia",99,"Anglican"
"1234",0,1,2,3,3,3,"Nova Scotia",3,"Catholic"
"1235",0,1,2,2,3,2,"Nova Scotia",99,"Other"
"1236",0,0,99,1,3,5,"Nova Scotia",99,"Non-religious"
"1237",0,1,99,2,4,3,"Alberta",99,"Non-religious"
"1238",0,1,2,3,2,3,"Alberta",99,"Other Christian"
"1239",0,0,3,2,3,2,"Nova Scotia",5,"United Church"
"1240",0,0,99,2,3,3,"British Columbia",99,"Non-religious"
"1241",0,0,99,2,3,2,"British Columbia",99,"Non-religious"
"1242",0,1,4,3,4,4,"Nova Scotia",6,"Catholic"
"1243",0,0,99,1,3,3,"British Columbia",99,"Non-religious"
"1244",1,0,1,3,3,3,"British Columbia",5,"United Church"
"1245",0,1,4,1,1,2,"British Columbia",99,"Other Christian"
"1246",1,1,99,1,2,3,"Nova Scotia",99,"Non-religious"
"1247",0,1,2,3,3,2,"Nova Scotia",99,"Other Christian"
"1249",0,0,1,1,2,3,"Nova Scotia",99,"Jewish"
"1250",0,1,99,3,3,3,"Nova Scotia",99,"Non-religious"
"1251",1,0,99,1,2,5,"Nova Scotia",99,"Non-religious"
"1252",0,0,4,2,3,3,"Nova Scotia",99,"Anglican"
"1253",1,1,99,4,4,2,"Nova Scotia",99,"Non-religious"
"1254",0,1,99,1,4,3,"Nova Scotia",99,"Non-religious"
"1255",1,0,2,1,4,2,"Nova Scotia",99,"Anglican"
"1256",1,0,2,1,1,1,"Manitoba",99,"Other Christian"
"1257",0,0,4,2,3,2,"Nova Scotia",7,"United Church"
"1258",0,0,99,4,3,3,"Nova Scotia",99,"Non-religious"
"1259",0,1,99,1,2,2,"Nova Scotia",99,"Non-religious"
"1260",0,0,4,3,3,1,"Manitoba",99,"Other Christian"
"1261",0,1,99,3,3,2,"Nova Scotia",99,"Non-religious"
"1262",0,0,99,4,2,2,"Nova Scotia",99,"Non-religious"
"1263",0,0,1,1,1,3,"Nova Scotia",7,"United Church"
"1264",0,1,99,2,4,2,"Nova Scotia",99,"Non-religious"
"1265",0,0,1,2,4,3,"Nova Scotia",99,"Other Christian"
"1266",0,0,4,3,3,4,"Nova Scotia",99,"Muslim"
"1267",0,0,1,1,1,3,"Nova Scotia",5,"Catholic"
"1268",0,0,1,2,3,2,"Nova Scotia",7,"United Church"
"1269",0,0,2,3,4,1,"Ontario",99,"Jewish"
"1270",1,0,1,2,2,3,"Nova Scotia",7,"Catholic"
"1271",0,0,99,2,4,4,"Nova Scotia",99,"Non-religious"
"1272",0,1,4,4,3,3,"Manitoba",10,"Catholic"
"1273",1,0,2,2,4,2,"Nova Scotia",8,"United Church"
"1274",1,0,1,2,4,3,"Manitoba",8,"United Church"
"1275",0,0,1,1,4,4,"Newfoundland and Labrador",99,"Anglican"
"1276",0,0,99,2,2,3,"Manitoba",99,"Non-religious"
"1277",1,0,99,1,1,2,"British Columbia",99,"Non-religious"
"1278",1,0,2,2,1,3,"Manitoba",10,"Catholic"
"1279",0,0,99,2,3,2,"Manitoba",99,"Non-religious"
"1280",0,0,2,2,4,3,"British Columbia",99,"Other Christian"
"1281",0,0,99,2,2,3,"Nova Scotia",99,"Non-religious"
"1282",0,0,1,1,3,4,"Nova Scotia",5,"Catholic"
"1283",1,0,2,2,4,3,"Nova Scotia",99,"Anglican"
"1284",0,0,2,4,4,4,"Nova Scotia",99,"Other Christian"
"1285",0,1,1,1,2,3,"Nova Scotia",8,"Catholic"
"1286",0,0,99,3,2,1,"Nova Scotia",99,"Non-religious"
"1287",0,0,2,2,4,4,"Nova Scotia",6,"United Church"
"1289",0,0,99,1,2,3,"Nova Scotia",99,"Non-religious"
"1290",0,0,99,1,2,4,"Nova Scotia",99,"Non-religious"
"1291",0,0,1,3,3,3,"Nova Scotia",99,"Other Christian"
"1292",1,0,2,2,3,2,"Nova Scotia",3,"Catholic"
"1293",1,1,99,1,2,3,"Nova Scotia",99,"Non-religious"
"1294",0,1,99,3,3,3,"Nova Scotia",99,"Non-religious"
"1295",0,1,4,3,4,3,"Nova Scotia",6,"Catholic"
"1296",0,0,1,1,2,3,"Ontario",0,"Catholic"
"1297",1,0,4,2,2,3,"Nova Scotia",8,"Catholic"
"1298",0,1,4,4,4,3,"Nova Scotia",99,"Other Christian"
"1299",0,0,99,1,4,3,"Nova Scotia",99,"Non-religious"
"1300",1,0,4,3,4,2,"Manitoba",99,"Jewish"
"1301",0,0,99,1,1,3,"British Columbia",99,"Non-religious"
"1302",0,1,2,2,2,3,"Manitoba",8,"Catholic"
"1303",0,0,99,4,4,3,"Nova Scotia",99,"Non-religious"
"1304",0,0,2,4,4,3,"Nova Scotia",99,"Anglican"
"1305",0,0,2,2,2,2,"Nova Scotia",5,"United Church"
"1306",0,0,99,1,4,3,"Nova Scotia",99,"Non-religious"
"1307",0,0,99,1,1,2,"Nova Scotia",99,"Non-religious"
"1308",1,0,1,2,3,3,"Nova Scotia",5,"Catholic"
"1309",0,0,4,4,3,2,"Nova Scotia",99,"Other Christian"
"1310",0,0,99,2,3,3,"Nova Scotia",99,"Non-religious"
"1311",0,0,99,2,3,1,"Nova Scotia",99,"Non-religious"
"1313",1,0,4,4,4,3,"Nova Scotia",8,"Catholic"
"1314",1,0,99,2,4,2,"Nova Scotia",99,"Non-religious"
"1315",1,1,4,2,2,4,"Alberta",99,"Other Christian"
"1316",1,0,99,3,3,2,"Nova Scotia",99,"Non-religious"
"1317",1,0,4,1,2,3,"Nova Scotia",99,"Other Christian"
"1318",0,0,1,2,4,3,"Manitoba",99,"Other Christian"
"1319",0,0,4,4,3,3,"Manitoba",99,"Other Christian"
"1321",1,0,2,2,3,2,"Nova Scotia",6,"United Church"
"1323",0,0,1,2,4,3,"Nova Scotia",1,"Catholic"
"1324",0,0,99,3,4,3,"Alberta",99,"Non-religious"
"1325",1,0,4,3,4,3,"Alberta",99,"Other Christian"
"1326",0,0,2,3,3,1,"Manitoba",99,"Anglican"
"1327",0,1,99,3,3,3,"Manitoba",99,"Non-religious"
"1328",0,1,99,3,3,3,"Manitoba",99,"Non-religious"
"1329",0,1,99,2,4,2,"Manitoba",99,"Non-religious"
"1330",0,0,99,3,4,4,"Nova Scotia",99,"Non-religious"
"1331",0,0,1,2,2,3,"Nova Scotia",4,"Catholic"
"1333",0,0,99,3,3,4,"Nova Scotia",99,"Non-religious"
"1334",1,0,4,1,3,3,"Manitoba",8,"Catholic"
"1335",0,0,2,3,3,3,"Manitoba",99,"Jewish"
"1336",1,0,99,1,3,2,"Manitoba",99,"Non-religious"
"1337",1,0,1,2,3,2,"Nova Scotia",99,"Other Christian"
"1338",1,0,99,3,3,4,"Nova Scotia",99,"Non-religious"
"1339",1,0,99,2,2,4,"Manitoba",99,"Non-religious"
"1340",0,1,99,2,2,3,"Ontario",99,"Non-religious"
"1342",0,0,1,3,2,3,"Nova Scotia",4,"Catholic"
"1343",0,0,1,2,3,3,"Nova Scotia",5,"Catholic"
"1344",0,0,99,3,3,3,"Nova Scotia",99,"Non-religious"
"1345",1,1,4,2,3,2,"Alberta",9,"United Church"
"1346",0,0,99,3,3,2,"Manitoba",99,"Non-religious"
"1347",1,1,99,2,4,2,"Manitoba",99,"Non-religious"
"1348",0,1,99,3,2,1,"Nova Scotia",99,"Non-religious"
"1349",0,0,2,3,3,3,"Manitoba",5,"Catholic"
"1350",1,1,3,3,3,4,"British Columbia",7,"Catholic"
"1351",1,1,99,1,3,2,"Manitoba",99,"Non-religious"
"1352",1,1,99,3,3,2,"Manitoba",99,"Non-religious"
"1353",0,1,99,3,3,3,"Manitoba",99,"Non-religious"
"1354",0,0,99,2,2,2,"Manitoba",99,"Non-religious"
"1355",1,0,99,2,2,3,"Ontario",99,"Non-religious"
"1358",0,0,99,2,3,2,"Manitoba",99,"Non-religious"
"1359",0,1,4,3,3,5,"Manitoba",99,"Other Christian"
"1360",0,0,99,4,4,3,"Manitoba",99,"Non-religious"
"1361",0,0,1,1,1,1,"Manitoba",99,"Anglican"
"1362",0,1,3,3,3,3,"Manitoba",99,"Other"
"1363",0,1,99,2,3,2,"Manitoba",99,"Non-religious"
"1364",1,0,2,2,2,3,"Ontario",6,"Catholic"
"1365",0,0,2,1,3,3,"Ontario",3,"Catholic"
"1366",0,0,1,1,1,2,"Ontario",7,"Catholic"
"1367",0,0,2,3,3,3,"British Columbia",0,"United Church"
"1368",0,0,1,1,2,3,"British Columbia",99,"Anglican"
"1369",0,0,99,3,4,3,"British Columbia",99,"Non-religious"
"1370",0,0,2,3,4,3,"British Columbia",10,"Catholic"
"1371",1,0,4,3,3,3,"Manitoba",99,"Other Christian"
"1372",0,1,99,3,4,1,"Ontario",99,"Non-religious"
"1373",0,0,1,3,3,2,"Manitoba",8,"Catholic"
"1374",1,1,1,2,2,3,"Ontario",99,"Buddhist"
"1375",1,0,1,2,2,3,"Manitoba",99,"Other Christian"
"1376",1,0,3,3,2,2,"British Columbia",10,"Catholic"
"1377",0,0,2,3,3,1,"Ontario",99,"Anglican"
"1378",0,1,1,1,4,2,"Ontario",5,"United Church"
"1379",0,0,99,2,3,3,"Ontario",99,"Non-religious"
"1380",0,0,99,2,3,2,"Ontario",99,"Non-religious"
"1381",1,0,99,4,4,5,"Ontario",99,"Non-religious"
"1383",0,0,3,4,2,1,"Ontario",99,"Other Christian"
"1385",1,0,99,4,3,3,"Ontario",99,"Non-religious"
"1386",0,0,99,2,4,2,"Ontario",99,"Non-religious"
"1388",0,0,4,3,3,3,"Ontario",99,"Other Christian"
"1389",1,0,99,1,3,2,"Manitoba",99,"Non-religious"
"1390",0,1,99,3,3,1,"Ontario",99,"Non-religious"
"1391",1,1,99,3,3,2,"Ontario",99,"Non-religious"
"1392",0,1,99,1,2,3,"Ontario",99,"Non-religious"
"1393",1,1,99,1,2,2,"Ontario",99,"Non-religious"
"1395",0,0,99,2,2,1,"Nova Scotia",99,"Non-religious"
"1396",0,0,1,1,2,3,"Nova Scotia",3,"Catholic"
"1397",0,1,1,2,3,3,"Ontario",6,"Catholic"
"1398",0,1,99,3,3,2,"Ontario",99,"Non-religious"
"1399",1,0,99,2,3,3,"Ontario",99,"Non-religious"
"1400",0,0,99,2,4,2,"Ontario",99,"Non-religious"
"1401",0,0,1,4,4,3,"Nova Scotia",99,"Jewish"
"1402",0,0,1,2,3,1,"Ontario",4,"Catholic"
"1403",0,0,4,4,3,1,"Ontario",99,"Other Christian"
"1404",0,0,99,3,3,4,"Ontario",99,"Non-religious"
"1406",0,0,1,2,3,3,"Ontario",99,"Anglican"
"1407",0,0,1,2,3,2,"Ontario",99,"Anglican"
"1408",0,0,1,4,4,3,"Ontario",99,"Anglican"
"1409",1,0,1,2,3,3,"Ontario",99,"Anglican"
"1410",1,0,1,2,2,3,"Ontario",99,"Anglican"
"1411",0,0,2,2,4,2,"New Brunswick",5,"Catholic"
"1412",0,0,2,4,4,3,"New Brunswick",99,"Jewish"
"1413",0,0,2,3,2,2,"Ontario",10,"United Church"
"1414",0,0,1,1,4,2,"Ontario",6,"Catholic"
"1415",1,0,4,4,1,1,"Ontario",99,"Other Christian"
"1416",1,0,99,2,4,1,"Ontario",99,"Non-religious"
"1417",1,1,99,4,4,3,"Ontario",99,"Non-religious"
"1418",1,0,99,2,1,3,"Ontario",99,"Non-religious"
"1419",0,0,99,4,4,3,"Ontario",99,"Non-religious"
"1420",1,0,99,2,3,2,"Ontario",99,"Non-religious"
"1421",0,0,4,3,3,2,"Ontario",8,"Catholic"
"1422",1,0,1,3,3,1,"Ontario",5,"Catholic"
"1424",1,0,99,2,2,3,"New Brunswick",99,"Non-religious"
"1425",1,0,1,1,4,3,"Ontario",6,"Catholic"
"1426",1,0,99,1,1,4,"Ontario",99,"Non-religious"
"1427",0,0,99,4,3,1,"New Brunswick",99,"Non-religious"
"1428",1,1,99,3,3,2,"New Brunswick",99,"Non-religious"
"1429",1,0,1,2,4,2,"Ontario",6,"Catholic"
"1430",1,0,2,3,3,1,"Ontario",4,"Catholic"
"1431",0,0,99,1,1,3,"New Brunswick",99,"Non-religious"
"1432",0,1,1,2,3,2,"Ontario",2,"Catholic"
"1433",0,1,1,3,3,1,"Ontario",3,"Catholic"
"1434",1,0,99,1,1,1,"New Brunswick",99,"Non-religious"
"1435",0,1,99,3,4,1,"British Columbia",99,"Non-religious"
"1436",0,1,99,3,4,1,"Ontario",99,"Non-religious"
"1437",0,1,4,4,2,4,"British Columbia",99,"Other"
"1438",0,0,4,2,3,4,"Newfoundland and Labrador",7,"Catholic"
"1439",0,0,99,2,2,3,"New Brunswick",99,"Non-religious"
"1440",0,1,3,1,1,1,"Ontario",5,"Catholic"
"1441",1,0,2,3,3,3,"Ontario",8,"United Church"
"1442",0,0,1,2,4,3,"New Brunswick",99,"Anglican"
"1443",0,0,2,3,3,2,"New Brunswick",5,"Catholic"
"1444",0,0,1,2,4,2,"Ontario",5,"United Church"
"1445",0,0,1,2,3,1,"Ontario",8,"Catholic"
"1447",0,0,1,1,1,3,"Ontario",5,"United Church"
"1448",0,1,99,2,3,2,"Ontario",99,"Non-religious"
"1449",0,1,2,2,3,2,"Ontario",7,"Catholic"
"1450",1,1,99,4,4,1,"Ontario",99,"Non-religious"
"1451",1,1,99,3,3,3,"Ontario",99,"Non-religious"
"1452",1,1,99,4,3,3,"Ontario",99,"Non-religious"
"1453",0,0,4,4,3,3,"Ontario",99,"Other Christian"
"1454",0,0,99,4,4,3,"Nova Scotia",99,"Non-religious"
"1455",0,0,1,1,2,1,"Ontario",99,"Other"
"1457",0,0,99,2,2,3,"Ontario",99,"Non-religious"
"1458",0,0,99,2,3,1,"Ontario",99,"Non-religious"
"1459",0,0,99,2,3,2,"Ontario",99,"Non-religious"
"1460",1,0,99,4,4,1,"Ontario",99,"Non-religious"
"1462",1,0,4,4,4,3,"Ontario",99,"Other Christian"
"1463",1,0,4,4,4,3,"Ontario",99,"Other"
"1464",1,0,99,2,2,2,"Ontario",99,"Non-religious"
"1465",1,0,4,4,3,1,"Ontario",99,"Other Christian"
"1466",0,0,99,1,3,3,"Ontario",99,"Non-religious"
"1467",0,0,2,3,3,1,"Ontario",99,"Anglican"
"1468",0,0,1,1,3,1,"Ontario",99,"Other Christian"
"1469",0,0,99,3,2,1,"Ontario",99,"Non-religious"
"1470",1,0,1,4,3,3,"Ontario",99,"Other"
"1471",1,0,1,3,3,1,"Ontario",3,"Catholic"
"1472",0,0,1,4,3,3,"Ontario",99,"Buddhist"
"1473",1,0,4,3,3,1,"Ontario",99,"Other Christian"
"1474",0,0,1,2,2,3,"New Brunswick",9,"Catholic"
"1475",0,0,99,3,4,4,"Ontario",99,"Non-religious"
"1476",0,1,4,2,2,1,"Ontario",99,"Other Christian"
"1477",0,0,1,1,3,2,"Ontario",3,"Catholic"
"1478",0,1,99,3,3,3,"Ontario",99,"Non-religious"
"1479",1,0,99,1,2,2,"Ontario",99,"Non-religious"
"1480",0,0,1,1,4,3,"Ontario",0,"Catholic"
"1481",0,0,2,1,4,3,"Ontario",99,"Other Christian"
"1482",1,1,1,2,3,2,"Ontario",6,"United Church"
"1483",1,1,99,1,3,2,"Ontario",99,"Non-religious"
"1484",1,1,4,2,3,3,"Ontario",6,"United Church"
"1485",0,0,99,4,3,1,"New Brunswick",99,"Non-religious"
"1486",1,1,2,1,4,2,"Ontario",0,"Catholic"
"1487",1,1,1,4,3,2,"Ontario",99,"Other"
"1488",1,1,99,1,3,2,"Ontario",99,"Non-religious"
"1489",0,1,4,3,3,3,"Ontario",7,"United Church"
"1490",0,0,1,1,2,3,"Ontario",7,"United Church"
"1491",1,0,1,2,2,3,"Ontario",3,"United Church"
"1492",1,0,3,3,3,3,"Ontario",99,"Other Christian"
"1493",0,0,2,4,3,3,"Ontario",99,"Anglican"
"1494",0,0,1,2,3,3,"Ontario",99,"Anglican"
"1495",1,0,99,3,3,2,"Ontario",99,"Non-religious"
"1496",0,0,2,1,2,1,"Ontario",7,"United Church"
"1497",1,0,4,3,3,2,"Ontario",9,"Catholic"
"1498",1,0,99,3,3,2,"Ontario",99,"Non-religious"
"1499",1,0,2,4,4,3,"Ontario",7,"Catholic"
"1500",0,0,2,2,3,1,"Ontario",8,"United Church"
"1501",1,0,4,3,3,2,"Ontario",99,"Other Christian"
"1502",1,0,3,3,2,3,"Ontario",5,"Catholic"
"1503",0,0,99,2,4,1,"British Columbia",99,"Non-religious"
"1504",0,0,99,4,4,3,"Ontario",99,"Non-religious"
"1505",1,0,2,2,2,2,"Ontario",99,"Anglican"
"1506",1,0,99,3,4,3,"Ontario",99,"Non-religious"
"1507",0,1,99,2,3,1,"Ontario",99,"Non-religious"
"1508",1,0,99,2,2,1,"Ontario",99,"Non-religious"
"1509",0,0,1,1,2,1,"Ontario",5,"Catholic"
"1510",0,0,4,4,3,3,"Ontario",9,"Catholic"
"1512",0,0,4,3,4,1,"Ontario",6,"Catholic"
"1513",1,0,99,1,2,1,"Ontario",99,"Non-religious"
"1514",0,0,2,2,3,2,"Ontario",5,"United Church"
"1515",0,0,99,1,3,2,"Ontario",99,"Non-religious"
"1516",0,1,99,3,4,1,"Ontario",99,"Non-religious"
"1517",1,1,2,1,2,2,"Ontario",99,"Other Christian"
"1518",1,0,99,3,3,2,"Ontario",99,"Non-religious"
"1519",1,1,2,2,2,2,"Ontario",5,"United Church"
"1520",1,1,2,2,4,2,"Ontario",5,"Catholic"
"1521",0,0,99,2,3,3,"Newfoundland and Labrador",99,"Non-religious"
"1523",0,0,1,3,4,3,"Newfoundland and Labrador",7,"United Church"
"1524",0,0,4,2,1,3,"British Columbia",99,"Other Christian"
"1525",1,0,1,3,3,4,"Ontario",6,"Catholic"
"1526",1,0,99,3,3,2,"Ontario",99,"Non-religious"
"1529",0,0,3,2,3,3,"Ontario",6,"Catholic"
"1530",0,1,4,2,4,2,"British Columbia",99,"Anglican"
"1531",0,1,2,2,2,1,"British Columbia",99,"Other Christian"
"1532",0,1,2,3,3,3,"British Columbia",99,"Other"
"1533",1,0,99,3,3,3,"Newfoundland and Labrador",99,"Non-religious"
"1534",1,1,2,2,2,5,"Newfoundland and Labrador",6,"Catholic"
"1535",0,0,99,2,3,3,"British Columbia",99,"Non-religious"
"1536",0,0,3,2,3,3,"Ontario",4,"Catholic"
"1537",1,1,2,2,1,3,"Ontario",8,"Catholic"
"1538",0,0,2,4,4,3,"Ontario",8,"Catholic"
"1539",1,0,2,3,4,4,"Newfoundland and Labrador",99,"Other Christian"
"1540",0,0,99,2,3,3,"Newfoundland and Labrador",99,"Non-religious"
"1541",0,1,99,1,3,2,"Ontario",99,"Non-religious"
"1542",0,0,2,3,2,3,"Ontario",2,"Catholic"
"1543",0,0,1,4,3,1,"Ontario",99,"Jewish"
"1544",0,0,99,1,1,1,"Prince Edward Island",99,"Non-religious"
"1545",1,0,2,3,2,2,"Ontario",9,"Catholic"
"1546",1,0,2,4,4,1,"Ontario",99,"Anglican"
"1547",0,0,3,2,2,3,"Ontario",4,"Catholic"
"1548",1,0,2,4,1,3,"Ontario",99,"Other"
"1549",1,0,99,2,4,2,"Ontario",99,"Non-religious"
"1550",1,0,1,2,3,1,"Ontario",99,"Anglican"
"1551",1,1,1,2,4,3,"Ontario",6,"United Church"
"1552",0,1,4,3,3,3,"Ontario",7,"Catholic"
"1553",0,1,1,1,3,2,"Ontario",3,"Catholic"
"1554",1,0,2,4,4,3,"Ontario",99,"Buddhist"
"1555",0,0,99,3,2,4,"Quebec",99,"Non-religious"
"1556",1,0,99,2,3,1,"Ontario",99,"Non-religious"
"1557",0,1,2,2,4,3,"Ontario",3,"Catholic"
"1558",1,0,1,2,2,3,"Ontario",99,"Anglican"
"1559",1,1,99,3,4,4,"Ontario",99,"Non-religious"
"1561",0,0,1,1,4,3,"Ontario",0,"United Church"
"1562",0,0,4,3,3,3,"Newfoundland and Labrador",10,"Catholic"
"1563",0,0,1,1,1,2,"Ontario",3,"United Church"
"1564",1,0,2,3,3,2,"Ontario",4,"Catholic"
"1565",0,0,1,2,2,3,"Quebec",10,"Catholic"
"1566",1,1,2,3,4,5,"Quebec",5,"Catholic"
"1567",1,0,99,3,3,3,"Ontario",99,"Non-religious"
"1568",1,0,4,4,3,1,"Ontario",99,"Other Christian"
"1569",0,0,2,1,2,1,"Ontario",5,"United Church"
"1570",1,0,99,1,3,3,"Ontario",99,"Non-religious"
"1571",0,0,99,2,2,2,"Ontario",99,"Non-religious"
"1572",1,0,4,4,4,1,"Ontario",6,"Catholic"
"1573",1,0,2,2,4,3,"Ontario",8,"United Church"
"1574",0,1,99,3,3,2,"Nova Scotia",99,"Non-religious"
"1575",0,0,2,2,3,2,"Ontario",6,"Catholic"
"1576",1,0,1,2,3,3,"Ontario",99,"Anglican"
"1577",1,0,1,3,3,3,"Ontario",99,"Other"
"1578",0,0,2,2,2,3,"Nova Scotia",6,"Catholic"
"1579",0,1,1,4,4,2,"Quebec",99,"Jewish"
"1580",1,1,99,1,1,1,"Quebec",99,"Non-religious"
"1581",1,0,3,1,1,3,"Ontario",99,"Other Christian"
"1582",0,1,4,3,4,4,"Nova Scotia",99,"Other Christian"
"1584",0,1,99,3,3,2,"Quebec",99,"Non-religious"
"1586",0,1,99,3,3,2,"Ontario",99,"Non-religious"
"1588",1,0,99,2,2,3,"Ontario",99,"Non-religious"
"1589",1,0,99,1,1,2,"Ontario",99,"Non-religious"
"1590",1,0,2,1,1,3,"Quebec",99,"Jewish"
"1591",1,0,99,2,2,1,"Ontario",99,"Non-religious"
"1592",0,0,1,2,3,2,"Quebec",6,"United Church"
"1593",0,0,99,2,3,2,"Quebec",99,"Non-religious"
"1594",1,1,99,1,4,4,"Quebec",99,"Non-religious"
"1595",0,0,2,2,3,1,"Ontario",6,"Catholic"
"1596",0,1,1,1,3,1,"Ontario",1,"Catholic"
"1597",1,0,2,3,3,3,"Ontario",7,"Catholic"
"1598",1,0,4,4,4,3,"Ontario",8,"Catholic"
"1599",0,0,2,2,2,5,"Ontario",99,"Other Christian"
"1600",1,1,2,2,3,2,"Quebec",5,"Catholic"
"1601",0,0,99,2,3,2,"British Columbia",99,"Non-religious"
"1602",0,0,2,2,3,3,"British Columbia",99,"Other Christian"
"1603",0,1,99,2,3,3,"Quebec",99,"Non-religious"
"1604",0,0,99,2,3,3,"Nova Scotia",99,"Non-religious"
"1605",0,1,2,3,3,3,"Nova Scotia",10,"United Church"
"1606",1,1,1,4,3,2,"Ontario",99,"Other Christian"
"1607",1,1,4,3,4,4,"Nova Scotia",10,"Catholic"
"1608",0,0,2,3,3,2,"Nova Scotia",5,"Catholic"
"1610",1,0,1,1,4,3,"Ontario",99,"Anglican"
"1611",1,0,1,1,4,2,"Ontario",99,"Anglican"
"1612",0,0,2,2,2,3,"Ontario",99,"Anglican"
"1613",0,1,1,1,1,2,"Ontario",9,"United Church"
"1614",0,1,1,3,4,3,"Ontario",99,"Other"
"1615",1,1,1,4,2,1,"Ontario",99,"Jewish"
"1616",1,1,99,1,3,3,"Ontario",99,"Non-religious"
"1617",0,1,1,1,3,1,"Ontario",6,"United Church"
"1618",0,1,1,2,3,2,"Ontario",9,"United Church"
"1619",1,0,99,2,3,3,"Ontario",99,"Non-religious"
"1620",0,0,1,1,3,3,"Nova Scotia",7,"United Church"
"1621",1,0,99,1,2,1,"Ontario",99,"Non-religious"
"1622",0,0,4,4,3,2,"Ontario",99,"Other Christian"
"1623",1,0,99,2,3,1,"Ontario",99,"Non-religious"
"1624",0,0,99,2,2,5,"Nova Scotia",99,"Non-religious"
"1625",1,0,2,3,3,3,"Ontario",99,"Other Christian"
"1626",1,0,2,3,3,1,"Ontario",99,"Anglican"
"1627",1,1,4,2,3,3,"Ontario",99,"Anglican"
"1628",1,0,1,3,3,3,"Ontario",99,"Other Christian"
"1629",1,0,1,3,3,3,"Ontario",5,"Catholic"
"1630",1,0,3,3,3,2,"Ontario",99,"Anglican"
"1631",0,1,99,2,2,2,"Ontario",99,"Non-religious"
"1632",1,0,2,2,3,2,"Ontario",99,"Other Christian"
"1634",0,0,99,2,3,3,"Ontario",99,"Non-religious"
"1635",0,0,4,4,1,1,"Ontario",8,"United Church"
"1636",1,0,99,1,2,3,"Ontario",99,"Non-religious"
"1637",0,0,1,2,2,5,"Ontario",99,"Anglican"
"1638",0,0,2,3,3,3,"Ontario",5,"Catholic"
"1639",1,0,99,3,3,3,"Ontario",99,"Non-religious"
"1640",0,1,4,3,3,3,"Nova Scotia",8,"Catholic"
"1641",1,0,99,1,3,4,"Manitoba",99,"Non-religious"
"1642",1,1,4,2,3,1,"Nova Scotia",99,"Anglican"
"1643",0,0,2,3,3,2,"Nova Scotia",99,"Other"
"1644",0,1,99,2,3,2,"Ontario",99,"Non-religious"
"1645",0,1,4,4,3,2,"Ontario",99,"Other Christian"
"1646",0,1,99,3,3,2,"Ontario",99,"Non-religious"
"1647",0,1,99,3,4,2,"Ontario",99,"Non-religious"
"1648",0,0,1,3,3,3,"Ontario",99,"Other Christian"
"1649",1,0,99,1,3,3,"Ontario",99,"Non-religious"
"1650",0,0,4,3,4,3,"Ontario",99,"Other Christian"
"1651",0,0,99,2,3,3,"Ontario",99,"Non-religious"
"1652",1,0,4,3,2,2,"Ontario",99,"Other Christian"
"1653",0,0,99,2,3,1,"Ontario",99,"Non-religious"
"1654",0,0,1,2,4,1,"Ontario",4,"Catholic"
"1655",0,0,99,2,1,3,"Ontario",99,"Non-religious"
"1656",0,0,99,2,4,2,"Ontario",99,"Non-religious"
"1657",0,0,1,2,2,3,"Ontario",5,"Catholic"
"1658",1,0,99,2,3,3,"Ontario",99,"Non-religious"
"1659",0,0,2,2,2,2,"Ontario",9,"Catholic"
"1660",0,0,1,2,1,3,"Quebec",5,"Catholic"
"1661",0,0,99,1,3,4,"Ontario",99,"Non-religious"
"1662",0,0,2,1,2,2,"Ontario",99,"Other Christian"
"1663",0,0,2,3,2,3,"Ontario",2,"Catholic"
"1664",0,0,1,2,3,4,"Nova Scotia",6,"United Church"
"1665",1,0,99,2,2,3,"Manitoba",99,"Non-religious"
"1666",0,0,4,3,3,3,"Nova Scotia",9,"Catholic"
"1668",1,1,4,4,4,2,"Ontario",99,"Other"
"1669",1,1,3,4,3,3,"Ontario",7,"Catholic"
"1671",0,0,99,1,4,3,"Ontario",99,"Non-religious"
"1672",1,0,1,3,2,4,"Ontario",8,"Catholic"
"1673",1,1,99,2,4,1,"Ontario",99,"Non-religious"
"1676",0,0,2,2,2,2,"Ontario",6,"Catholic"
"1677",0,0,3,3,3,3,"Ontario",7,"Catholic"
"1679",1,1,99,4,3,3,"Manitoba",99,"Non-religious"
"1680",0,1,2,2,4,3,"New Brunswick",5,"Catholic"
"1681",1,1,1,1,1,1,"Ontario",99,"Jewish"
"1682",0,1,3,3,1,1,"Ontario",99,"Other Christian"
"1683",1,1,99,3,3,3,"Ontario",99,"Non-religious"
"1684",1,0,1,2,4,3,"Ontario",5,"Catholic"
"1685",1,0,99,4,4,2,"Ontario",99,"Non-religious"
"1689",1,0,99,3,3,3,"Nova Scotia",99,"Non-religious"
"1690",0,0,4,2,2,3,"Nova Scotia",7,"Catholic"
"1691",1,0,2,2,3,5,"Nova Scotia",7,"United Church"
"1693",0,0,2,3,3,3,"Nova Scotia",99,"Other"
"1694",0,0,3,2,3,3,"Saskatchewan",99,"Other Christian"
"1695",0,1,1,2,3,3,"Saskatchewan",99,"Other Christian"
"1696",0,0,1,3,3,1,"Ontario",6,"Catholic"
"1697",0,0,4,3,3,2,"Saskatchewan",7,"United Church"
"1698",0,0,99,3,3,3,"Nova Scotia",99,"Non-religious"
"1699",0,0,4,4,4,1,"Ontario",99,"Other Christian"
"1700",1,0,4,3,3,4,"Nova Scotia",99,"Anglican"
"1701",1,0,1,3,3,2,"Saskatchewan",99,"Other Christian"
"1702",0,1,99,2,3,3,"Saskatchewan",99,"Non-religious"
"1703",1,0,4,4,4,5,"Saskatchewan",99,"Other Christian"
"1704",0,0,1,2,2,3,"Saskatchewan",5,"Catholic"
"1705",1,1,99,3,2,1,"Ontario",99,"Non-religious"
"1706",0,0,99,2,2,1,"Ontario",99,"Non-religious"
"1707",0,1,99,3,3,3,"Ontario",99,"Non-religious"
"1708",0,1,2,4,4,3,"Ontario",99,"Other"
"1709",0,0,99,1,4,3,"Saskatchewan",99,"Non-religious"
"1710",0,0,99,3,4,2,"Nova Scotia",99,"Non-religious"
"1711",0,0,99,3,2,4,"Nova Scotia",99,"Non-religious"
"1712",1,0,3,2,3,3,"Ontario",99,"Muslim"
"1713",1,0,99,2,2,2,"Ontario",99,"Non-religious"
"1714",0,1,99,4,4,2,"Ontario",99,"Non-religious"
"1715",0,0,99,3,3,1,"Ontario",99,"Non-religious"
"1716",1,0,99,3,3,1,"Ontario",99,"Non-religious"
"1717",1,1,1,2,3,3,"Ontario",5,"Catholic"
"1718",1,0,2,3,4,1,"Ontario",99,"Anglican"
"1719",1,0,1,3,2,1,"Saskatchewan",99,"Other Christian"
"1720",1,0,1,4,4,1,"Saskatchewan",99,"Other Christian"
"1722",0,0,99,1,3,3,"Ontario",99,"Non-religious"
"1723",1,0,2,1,1,2,"Ontario",7,"Catholic"
"1724",0,0,99,2,2,3,"Ontario",99,"Non-religious"
"1725",0,0,99,2,2,2,"Ontario",99,"Non-religious"
"1726",1,1,99,2,3,1,"Ontario",99,"Non-religious"
"1727",0,0,99,1,1,3,"Ontario",99,"Non-religious"
"1728",1,1,4,3,4,3,"Ontario",99,"Other Christian"
"1729",0,0,1,1,3,2,"Ontario",0,"Catholic"
"1730",0,0,2,2,2,4,"Ontario",9,"Catholic"
"1731",1,0,99,2,3,3,"Manitoba",99,"Non-religious"
"1732",0,0,99,2,2,1,"Ontario",99,"Non-religious"
"1733",1,0,99,2,3,3,"Ontario",99,"Non-religious"
"1734",0,0,99,3,3,5,"Ontario",99,"Non-religious"
"1735",0,0,99,2,3,3,"Ontario",99,"Non-religious"
"1736",1,1,3,3,3,3,"Saskatchewan",8,"Catholic"
"1738",0,1,99,3,1,3,"Saskatchewan",99,"Non-religious"
"1739",0,1,4,4,4,3,"Ontario",99,"Other"
"1740",1,1,99,1,1,1,"Ontario",99,"Non-religious"
"1741",0,1,3,4,4,3,"Ontario",99,"Other"
"1742",0,1,3,4,4,2,"Ontario",5,"Catholic"
"1743",0,1,3,2,2,5,"Ontario",8,"Catholic"
"1744",1,1,2,4,4,1,"Ontario",99,"Jewish"
"1746",0,0,1,1,1,1,"Ontario",99,"Anglican"
"1747",1,0,99,1,2,1,"Ontario",99,"Non-religious"
"1748",1,0,1,1,2,1,"Ontario",99,"Anglican"
"1749",0,0,99,2,3,3,"Saskatchewan",99,"Non-religious"
"1750",0,0,1,2,4,3,"Ontario",6,"United Church"
"1751",0,0,1,2,3,3,"Ontario",99,"Anglican"
"1752",1,0,1,2,1,1,"Ontario",6,"United Church"
"1753",1,0,1,1,1,2,"Ontario",7,"Catholic"
"1754",1,0,99,1,4,2,"Ontario",99,"Non-religious"
"1755",0,0,2,4,3,1,"Ontario",99,"Jewish"
"1756",1,0,2,4,4,3,"Ontario",7,"United Church"
"1757",0,0,2,2,4,2,"Ontario",3,"United Church"
"1759",0,0,1,2,2,1,"Ontario",4,"Catholic"
"1760",1,0,1,3,3,4,"Ontario",99,"Other Christian"
"1761",1,0,99,1,3,2,"Ontario",99,"Non-religious"
"1762",0,0,4,3,3,3,"Ontario",99,"Other Christian"
"1763",0,0,1,1,3,3,"Ontario",8,"United Church"
"1764",1,0,99,3,3,1,"Ontario",99,"Non-religious"
"1765",0,0,4,3,3,2,"Ontario",99,"Other Christian"
"1766",1,0,99,2,3,3,"Ontario",99,"Non-religious"
"1767",0,0,1,2,4,2,"Ontario",9,"United Church"
"1768",0,0,99,2,4,1,"Ontario",99,"Non-religious"
"1769",0,0,99,1,3,3,"Ontario",99,"Non-religious"
"1770",0,0,2,1,1,4,"Ontario",7,"Catholic"
"1771",0,0,1,4,4,3,"Ontario",0,"Catholic"
"1772",1,0,1,1,4,5,"Quebec",10,"Catholic"
"1773",0,0,99,1,2,3,"Newfoundland and Labrador",99,"Non-religious"
"1774",0,0,99,2,4,4,"Newfoundland and Labrador",99,"Non-religious"
"1775",0,0,1,2,3,3,"Ontario",2,"Catholic"
"1776",1,0,1,3,3,4,"Ontario",99,"Other"
"1777",1,0,99,3,3,3,"Ontario",99,"Non-religious"
"1778",0,0,1,1,4,1,"Ontario",4,"Catholic"
"1779",0,0,2,4,4,2,"Ontario",7,"Catholic"
"1781",1,0,1,1,1,2,"Ontario",6,"Catholic"
"1782",1,0,4,4,4,3,"Ontario",10,"Catholic"
"1783",0,0,2,2,3,3,"Ontario",4,"Catholic"
"1784",1,0,99,1,3,2,"Ontario",99,"Non-religious"
"1785",1,0,1,1,1,1,"Ontario",5,"United Church"
"1786",1,0,1,2,3,1,"Ontario",5,"United Church"
"1787",0,0,2,2,2,1,"Ontario",8,"United Church"
"1788",1,0,1,1,3,1,"Ontario",9,"United Church"
"1789",0,0,2,3,2,3,"Prince Edward Island",0,"Catholic"
"1790",1,0,4,3,3,3,"Prince Edward Island",99,"Other Christian"
"1791",1,0,1,2,4,3,"Ontario",8,"United Church"
"1792",0,0,4,2,2,1,"Ontario",99,"Anglican"
"1793",0,0,4,1,3,3,"Prince Edward Island",99,"Anglican"
"1794",1,0,2,4,4,3,"Prince Edward Island",99,"Other Christian"
"1795",0,0,3,3,3,1,"Ontario",8,"Catholic"
"1796",0,0,3,3,3,4,"Quebec",99,"Other Christian"
"1797",0,0,1,4,4,3,"Quebec",9,"Catholic"
"1798",1,1,3,3,4,3,"Ontario",10,"Catholic"
"1800",1,0,2,3,3,4,"Quebec",7,"Catholic"
"1801",1,0,2,2,2,3,"Quebec",6,"Catholic"
"1802",1,0,1,3,4,4,"Ontario",99,"Jewish"
"1803",0,1,1,1,2,3,"Quebec",2,"Catholic"
"1804",0,0,2,3,3,1,"Quebec",6,"Catholic"
"1806",0,0,99,1,3,2,"Ontario",99,"Non-religious"
"1807",1,0,99,2,3,1,"Ontario",99,"Non-religious"
"1808",1,0,99,3,4,4,"Saskatchewan",99,"Non-religious"
"1809",0,0,99,4,4,2,"Ontario",99,"Non-religious"
"1810",1,0,2,4,4,3,"Ontario",6,"United Church"
"1811",0,0,99,3,3,1,"Ontario",99,"Non-religious"
"1812",0,0,2,2,4,2,"Ontario",99,"Other Christian"
"1813",1,0,99,3,3,4,"Ontario",99,"Non-religious"
"1814",0,0,99,4,4,5,"Ontario",99,"Non-religious"
"1815",0,0,1,2,1,1,"Ontario",6,"United Church"
"1816",1,0,2,2,2,5,"Ontario",7,"Catholic"
"1817",1,0,2,2,2,2,"Ontario",99,"Other Christian"
"1819",1,0,3,3,3,3,"Ontario",10,"Catholic"
"1820",0,1,1,3,3,3,"Quebec",5,"Catholic"
"1821",0,0,99,4,3,3,"Ontario",99,"Non-religious"
"1822",0,0,99,2,3,3,"Ontario",99,"Non-religious"
"1823",1,0,3,3,3,3,"Ontario",99,"Jewish"
"1824",0,0,99,1,3,1,"Ontario",99,"Non-religious"
"1825",0,0,4,4,3,3,"Ontario",6,"Catholic"
"1826",0,0,99,2,3,3,"Ontario",99,"Non-religious"
"1827",0,0,2,4,4,1,"Saskatchewan",99,"Other Christian"
"1828",0,0,4,3,3,3,"Ontario",99,"Other Christian"
"1829",0,0,2,2,2,4,"Ontario",4,"Catholic"
"1830",1,1,1,3,3,5,"Ontario",1,"Catholic"
"1831",0,1,2,3,4,5,"Ontario",10,"Catholic"
"1832",0,1,99,4,3,2,"Ontario",99,"Non-religious"
"1833",1,1,2,4,4,5,"Ontario",10,"Catholic"
"1834",1,1,3,3,3,4,"Ontario",8,"Catholic"
"1835",1,1,1,2,4,4,"Ontario",99,"Anglican"
"1836",0,1,1,3,3,2,"Ontario",99,"Jewish"
"1837",0,1,4,4,4,2,"Ontario",99,"Other Christian"
"1838",1,1,3,4,3,2,"Ontario",99,"Jewish"
"1839",1,1,99,4,3,1,"Ontario",99,"Non-religious"
"1840",0,0,2,2,3,3,"Quebec",5,"Catholic"
"1841",1,1,99,2,3,3,"Ontario",99,"Non-religious"
"1842",0,1,99,3,3,3,"Quebec",99,"Non-religious"
"1843",0,0,99,3,3,3,"Ontario",99,"Non-religious"
"1844",0,0,99,2,4,3,"Ontario",99,"Non-religious"
"1845",1,0,1,3,3,3,"Nova Scotia",4,"Catholic"
"1846",1,0,2,3,4,2,"Ontario",99,"Other Christian"
"1847",1,0,2,2,2,1,"Ontario",5,"Catholic"
"1848",1,0,4,3,3,3,"Ontario",99,"Other Christian"
"1849",0,0,1,2,3,3,"Ontario",99,"Other"
"1850",0,0,4,2,2,1,"Ontario",10,"Catholic"
"1851",1,1,99,2,2,3,"Ontario",99,"Non-religious"
"1852",0,1,4,4,4,2,"Ontario",99,"Other Christian"
"1853",1,1,99,3,3,3,"Ontario",99,"Non-religious"
"1854",1,0,99,3,3,1,"Ontario",99,"Non-religious"
"1855",0,0,99,2,3,3,"Ontario",99,"Non-religious"
"1856",0,0,99,1,2,2,"Ontario",99,"Non-religious"
"1857",1,0,99,2,2,1,"Ontario",99,"Non-religious"
"1858",1,0,3,3,3,4,"Ontario",10,"United Church"
"1859",0,0,1,3,1,1,"Ontario",99,"Other Christian"
"1860",0,0,2,3,3,3,"Ontario",6,"Catholic"
"1861",0,0,2,2,3,5,"Ontario",6,"Catholic"
"1862",1,0,2,1,1,5,"Ontario",6,"Catholic"
"1863",1,0,2,1,1,3,"Ontario",7,"Catholic"
"1864",1,0,2,2,2,3,"Ontario",5,"Catholic"
"1865",1,0,1,2,3,4,"Ontario",2,"United Church"
"1866",0,0,1,2,3,2,"Ontario",99,"Other Christian"
"1867",1,0,99,2,3,1,"Ontario",99,"Non-religious"
"1868",0,1,3,2,3,3,"Ontario",99,"Other Christian"
"1869",0,1,1,2,3,2,"Ontario",5,"Catholic"
"1870",0,1,99,1,3,3,"Ontario",99,"Non-religious"
"1871",0,0,99,2,2,4,"Quebec",99,"Non-religious"
"1872",1,1,99,1,3,2,"Ontario",99,"Non-religious"
"1873",1,0,99,1,1,1,"Ontario",99,"Non-religious"
"1874",1,0,1,3,3,3,"Ontario",4,"Catholic"
"1875",1,0,3,3,3,1,"Ontario",7,"Catholic"
"1876",0,0,99,1,3,1,"Ontario",99,"Non-religious"
"1877",1,0,99,1,4,5,"Quebec",99,"Non-religious"
"1878",1,0,99,2,2,1,"Ontario",99,"Non-religious"
"1879",1,0,99,3,4,4,"Quebec",99,"Non-religious"
"1880",1,0,99,2,3,2,"Ontario",99,"Non-religious"
"1881",1,0,1,1,4,1,"Ontario",0,"Catholic"
"1882",1,0,99,1,3,3,"Quebec",99,"Non-religious"
"1883",1,0,99,1,4,3,"Quebec",99,"Non-religious"
"1884",1,0,99,1,3,2,"Quebec",99,"Non-religious"
"1885",1,0,1,2,2,3,"Quebec",99,"Other Christian"
"1886",1,0,4,3,2,4,"British Columbia",99,"Other"
"1887",1,1,2,1,3,4,"Quebec",4,"Catholic"
"1888",0,0,1,3,3,4,"Newfoundland and Labrador",99,"Anglican"
"1889",0,0,1,2,3,3,"Quebec",7,"Catholic"
"1890",0,1,2,3,2,1,"Quebec",99,"Jewish"
"1891",1,0,2,3,2,2,"Quebec",8,"Catholic"
"1892",1,1,2,3,2,3,"Quebec",9,"Catholic"
"1893",0,0,1,1,2,3,"Quebec",9,"Catholic"
"1894",0,0,99,2,3,1,"Quebec",99,"Non-religious"
"1895",0,0,2,2,2,4,"Quebec",7,"Catholic"
"1896",1,0,2,1,4,4,"Newfoundland and Labrador",5,"Catholic"
"1897",0,0,2,3,3,3,"Ontario",7,"Catholic"
"1898",1,0,99,1,3,4,"Quebec",99,"Non-religious"
"1899",1,0,1,1,3,3,"Quebec",3,"Catholic"
"1900",0,1,1,2,4,1,"Quebec",7,"Catholic"
"1902",0,0,2,3,2,1,"Ontario",8,"Catholic"
"1903",1,0,1,2,4,3,"Ontario",7,"Catholic"
"1904",0,0,1,2,4,2,"Quebec",5,"Catholic"
"1905",0,0,2,3,3,1,"Quebec",6,"Catholic"
"1906",1,0,99,3,3,2,"Prince Edward Island",99,"Non-religious"
"1907",0,1,99,3,3,5,"Prince Edward Island",99,"Non-religious"
"1908",1,0,2,4,4,5,"Quebec",8,"Catholic"
"1909",0,0,99,1,2,2,"Prince Edward Island",99,"Non-religious"
"1910",0,0,1,2,4,1,"Quebec",4,"Catholic"
"1911",0,0,2,3,3,2,"Quebec",9,"Catholic"
"1912",1,1,99,3,3,3,"Prince Edward Island",99,"Non-religious"
"1913",1,1,99,3,4,3,"Prince Edward Island",99,"Non-religious"
"1914",1,0,99,2,3,3,"Saskatchewan",99,"Non-religious"
"1915",0,0,4,3,4,2,"Quebec",7,"Catholic"
"1916",0,0,1,2,2,2,"Prince Edward Island",5,"Catholic"
"1917",0,1,1,2,2,4,"Quebec",99,"Other Christian"
"1918",1,1,1,3,3,2,"Quebec",8,"Catholic"
"1919",0,0,2,3,3,3,"Saskatchewan",7,"Catholic"
"1920",0,0,99,3,3,4,"Quebec",99,"Non-religious"
"1921",1,0,4,4,4,5,"Saskatchewan",10,"Catholic"
"1922",0,0,1,2,2,1,"Nova Scotia",6,"Catholic"
"1923",1,0,99,2,2,2,"Saskatchewan",99,"Non-religious"
"1924",0,1,1,2,3,3,"Saskatchewan",99,"Other Christian"
"1926",1,0,99,1,1,3,"Saskatchewan",99,"Non-religious"
"1927",0,0,2,1,2,4,"Quebec",2,"Catholic"
"1928",1,0,1,2,2,3,"Quebec",1,"Catholic"
"1929",0,1,99,1,4,2,"Ontario",99,"Non-religious"
"1930",1,0,2,2,3,3,"Saskatchewan",5,"Catholic"
"1931",0,0,2,3,3,2,"Quebec",7,"Catholic"
"1932",1,0,99,3,3,4,"Quebec",99,"Non-religious"
"1933",0,0,2,3,3,3,"Quebec",8,"Catholic"
"1934",0,0,2,3,4,5,"Quebec",6,"Catholic"
"1935",0,0,1,3,3,4,"Quebec",7,"Catholic"
"1936",0,0,1,1,3,3,"Quebec",8,"Catholic"
"1937",0,0,99,3,3,4,"Quebec",99,"Non-religious"
"1938",0,0,99,1,2,3,"Ontario",99,"Non-religious"
"1939",1,0,2,1,3,2,"Quebec",6,"Catholic"
"1940",1,0,99,3,3,3,"Quebec",99,"Non-religious"
"1941",0,0,2,3,3,3,"Saskatchewan",99,"Other Christian"
"1942",0,0,99,2,3,3,"Saskatchewan",99,"Non-religious"
"1943",0,0,1,1,3,3,"Saskatchewan",3,"Catholic"
"1944",0,0,4,4,3,2,"Ontario",9,"Catholic"
"1946",0,1,1,2,4,2,"Ontario",99,"Other Christian"
"1947",1,1,2,3,4,3,"Ontario",7,"Catholic"
"1949",1,0,1,1,3,3,"Saskatchewan",7,"United Church"
"1950",1,1,2,3,4,3,"Quebec",8,"Catholic"
"1951",1,0,1,1,3,5,"Quebec",5,"Catholic"
"1952",1,0,1,1,3,2,"Quebec",99,"Anglican"
"1953",0,0,2,1,4,3,"Quebec",99,"Anglican"
"1954",1,0,99,2,3,3,"Quebec",99,"Non-religious"
"1955",1,0,1,2,2,1,"Quebec",6,"Catholic"
"1956",0,0,1,2,4,3,"Saskatchewan",6,"United Church"
"1957",0,1,4,3,4,3,"Saskatchewan",7,"Catholic"
"1958",0,0,1,4,4,2,"Saskatchewan",99,"Other"
"1959",1,0,1,2,4,4,"Quebec",3,"Catholic"
"1960",1,0,1,3,3,2,"Quebec",99,"Other Christian"
"1961",1,1,2,2,3,3,"Saskatchewan",99,"Other Christian"
"1962",0,0,99,2,2,3,"Quebec",99,"Non-religious"
"1963",0,1,99,3,2,3,"Saskatchewan",99,"Non-religious"
"1964",0,1,99,3,3,3,"Saskatchewan",99,"Non-religious"
"1965",1,1,2,3,2,1,"Quebec",7,"Catholic"
"1966",0,0,4,4,3,3,"Saskatchewan",99,"Other Christian"
"1967",1,0,99,2,4,4,"Quebec",99,"Non-religious"
"1968",1,1,4,4,4,4,"Quebec",10,"Catholic"
"1969",0,0,1,2,3,3,"Quebec",3,"Catholic"
"1970",0,0,3,3,3,3,"Saskatchewan",99,"Other Christian"
"1971",1,1,4,3,3,3,"Ontario",6,"Catholic"
"1972",0,1,1,2,4,2,"Ontario",7,"Catholic"
"1973",1,0,99,2,4,4,"Yukon",99,"Non-religious"
"1974",0,1,99,2,2,1,"Quebec",99,"Non-religious"
"1975",1,1,99,1,2,4,"Quebec",99,"Non-religious"
"1976",1,1,2,4,4,3,"Quebec",99,"Other Christian"
"1978",0,0,2,2,2,2,"Quebec",99,"Muslim"
"1979",1,0,4,2,2,3,"Quebec",7,"Catholic"
"1980",0,0,1,2,3,2,"Quebec",99,"Anglican"
"1981",0,1,2,3,3,3,"Quebec",5,"Catholic"
"1982",1,1,4,3,2,2,"Quebec",99,"Anglican"
"1983",0,0,2,1,3,3,"Saskatchewan",99,"Anglican"
"1984",0,0,99,1,3,2,"Saskatchewan",99,"Non-religious"
"1985",0,0,1,1,1,3,"Saskatchewan",99,"Anglican"
"1986",1,0,2,2,2,1,"Quebec",99,"Jewish"
"1987",0,0,1,1,2,3,"Quebec",0,"Catholic"
"1988",1,0,1,1,2,1,"Quebec",4,"Catholic"
"1989",0,0,4,3,3,3,"Quebec",99,"Other Christian"
"1990",0,0,2,2,3,1,"Quebec",5,"Catholic"
"1991",0,0,99,3,3,5,"Quebec",99,"Non-religious"
"1992",0,0,2,4,4,2,"Saskatchewan",99,"Other Christian"
"1993",0,0,99,1,3,4,"Quebec",99,"Non-religious"
"1994",1,0,1,2,3,2,"Quebec",2,"Catholic"
"1996",0,1,2,2,2,5,"Quebec",7,"Catholic"
"1997",1,0,1,1,3,3,"Saskatchewan",4,"Catholic"
"1998",1,0,4,2,3,2,"Saskatchewan",8,"Catholic"
"1999",1,0,1,1,1,1,"Quebec",8,"Catholic"
"2000",0,0,1,2,2,3,"Saskatchewan",3,"Catholic"
"2001",0,0,4,1,3,2,"Quebec",99,"Other Christian"
"2002",1,1,3,2,2,4,"Quebec",7,"Catholic"
"2003",1,0,2,4,3,2,"Saskatchewan",7,"Catholic"
"2005",0,0,1,2,4,3,"Saskatchewan",6,"United Church"
"2006",0,0,1,4,4,3,"Saskatchewan",99,"Other Christian"
"2007",0,0,99,1,2,3,"Nova Scotia",99,"Non-religious"
"2008",1,1,99,3,3,3,"Saskatchewan",99,"Non-religious"
"2009",0,0,99,3,3,3,"Saskatchewan",99,"Non-religious"
"2010",0,0,99,2,1,1,"Quebec",99,"Non-religious"
"2011",1,0,4,2,3,2,"Saskatchewan",99,"Other Christian"
"2012",0,0,3,4,3,4,"Yukon",7,"United Church"
"2013",1,0,99,1,1,4,"Saskatchewan",99,"Non-religious"
"2014",0,1,2,4,4,5,"Saskatchewan",99,"Anglican"
"2015",0,0,99,3,3,3,"Saskatchewan",99,"Non-religious"
"2016",0,0,1,1,3,2,"Saskatchewan",5,"Catholic"
"2017",0,0,2,2,4,2,"Quebec",6,"Catholic"
"2018",1,0,1,2,2,5,"Quebec",6,"Catholic"
"2019",1,0,2,2,2,3,"Saskatchewan",99,"Jewish"
"2020",1,0,3,2,4,2,"Quebec",99,"Other Christian"
"2021",1,0,1,1,2,3,"Saskatchewan",8,"United Church"
"2022",1,0,1,1,2,3,"Saskatchewan",0,"United Church"
"2023",0,0,1,1,1,5,"Saskatchewan",99,"Anglican"
"2024",0,1,1,3,3,3,"Quebec",7,"United Church"
"2025",0,0,4,3,3,3,"Ontario",10,"United Church"
"2026",0,1,1,1,4,1,"Saskatchewan",4,"Catholic"
"2027",1,0,2,2,2,1,"Quebec",6,"United Church"
"2028",0,1,4,4,4,5,"Saskatchewan",99,"Other Christian"
"2029",0,0,99,3,3,3,"Saskatchewan",99,"Non-religious"
"2030",1,0,99,2,1,3,"Saskatchewan",99,"Non-religious"
"2031",0,0,2,3,3,3,"Saskatchewan",99,"Anglican"
"2032",1,0,2,1,1,3,"Saskatchewan",8,"United Church"
"2033",1,0,4,2,2,1,"Saskatchewan",99,"Other Christian"
"2034",0,0,2,2,2,3,"Saskatchewan",6,"Catholic"
"2035",0,0,99,3,3,1,"Saskatchewan",99,"Non-religious"
"2036",0,1,1,2,3,3,"Saskatchewan",7,"Catholic"
"2037",0,0,1,2,2,3,"Saskatchewan",99,"Anglican"
"2038",0,0,1,1,2,1,"Saskatchewan",99,"Other Christian"
"2039",0,1,1,4,4,3,"Saskatchewan",5,"Catholic"
"2040",0,0,2,2,3,2,"Saskatchewan",6,"Catholic"
"2041",1,0,99,2,4,2,"Saskatchewan",99,"Non-religious"
"2042",0,1,99,2,4,3,"Saskatchewan",99,"Non-religious"
"2043",0,0,99,4,4,2,"Ontario",99,"Non-religious"
"2044",1,0,2,3,3,1,"Saskatchewan",99,"Other Christian"
"2045",0,0,2,2,4,3,"Saskatchewan",5,"Catholic"
"2046",1,0,1,3,3,2,"Saskatchewan",99,"Other"
"2047",1,1,2,3,3,3,"Saskatchewan",99,"Jewish"
"2049",1,1,3,3,3,4,"Saskatchewan",99,"Other Christian"
"2051",0,1,99,2,4,3,"Saskatchewan",99,"Non-religious"
"2052",0,0,2,3,3,1,"Saskatchewan",7,"United Church"
"2053",1,0,99,4,4,3,"Saskatchewan",99,"Non-religious"
"2054",1,0,2,3,3,3,"Saskatchewan",2,"Catholic"
"2055",1,0,99,3,3,2,"Saskatchewan",99,"Non-religious"
